Town,Precinct,CD,Biden,Trump,Total
Andover,Andover Elementary School Gymnasium,2,1058,998,2091
Ansonia,Ward 1 Ansonia Armory,3,747,436,1194
Ansonia,Ward 2 Ansonia Armory,3,649,481,1140
Ansonia,Ward 3 Holy Rosary Church Hall,3,605,471,1094
Ansonia,Ward 4 Ansonia Middle School Gym,3,465,267,743
Ansonia,"Ward 5 Ansonia Middle School Gym,",3,684,501,1207
Ansonia,Ward 6 Prendergast School Gym,3,665,762,1443
Ansonia,Ward 7 Mead School Cafe,3,706,879,1597
Ashford,Knowlton Memorial Hall,2,1330,1160,2542
Avon,Avon High School - Gymnasium,5,2866,1875,4820
Avon,Firehouse Company #1,5,2105,1153,3322
Avon,Roaring Brook School,5,2328,1441,3844
Barkhamsted,Barkhamsted Elementary School,1,1154,1228,2440
Beacon Falls,Laurel Ledge School,3,1543,2191,3803
Berlin,Griswold School,1,1651,1823,3522
Berlin,Hubbard School,1,1244,1335,2605
Berlin,Senior Center,1,895,1209,2137
Berlin,VFW,1,1517,1548,3118
Berlin,Willard School,1,701,772,1490
Bethany,Town Hall,3,1912,1718,3698
Bethel,Bethel Municipal Center 1,5,920,520,1457
Bethel,Bethel Municipal Center 4,5,1673,1133,2852
Bethel,Frank A. Berry School - 3,5,2064,1656,3777
Bethel,Frank A. Berry School - 5,5,243,255,509
Bethel,Stony Hill Fire House -2,5,1370,1170,2574
Bethlehem,Bethlehem Town Office Building,5,937,1393,2366
Bloomfield,Bloomfield High School,1,2241,329,2598
Bloomfield,Carmen Arace Middle School,1,2057,141,2209
Bloomfield,Laurel Elementary School,1,2716,337,3080
Bloomfield,Leisure Services Gym,1,1775,528,2329
Bloomfield,Metacomet Elementary School,1,2218,363,2601
Bolton,Bolton Center School,2,1727,1482,3286
Bozrah,Fields Memorial School,2,703,817,1548
Branford,Branford Fire Headquarters,3,2132,1379,3569
Branford,Branford High School,3,1245,522,1798
Branford,Branford Yacht Club,3,1740,1160,2942
Branford,Community House,3,1936,1462,3455
Branford,Mary R. Tisko School,3,1096,747,1869
Branford,Mary T. Murphy School,3,1368,1186,2577
Branford,St. Therese Church Hall,3,1045,642,1696
Bridgeport,Barnum School,4,1009,167,1180
Bridgeport,Bassick High School,4,647,121,772
Bridgeport,Bassick High School,4,1051,163,1221
Bridgeport,Beardsley School,4,271,58,331
Bridgeport,Beardsley School,4,332,87,424
Bridgeport,Black Rock School,4,2152,778,2972
Bridgeport,Blackham School,4,3075,1094,4211
Bridgeport,Central High School,4,792,158,958
Bridgeport,Central High School,4,2026,609,2659
Bridgeport,Cesar Batalla School,4,1457,330,1797
Bridgeport,City Hall,4,600,114,719
Bridgeport,Dunbar School,4,1843,210,2062
Bridgeport,Geraldine Johnson School,4,2092,339,2444
Bridgeport,Hallen School,4,1574,275,1865
Bridgeport,Harding High School,4,1662,320,2033
Bridgeport,John F. Kennedy Campus,4,2026,474,2510
Bridgeport,John Winthrop School,4,2260,985,3277
Bridgeport,Luis Munoz Marin School,4,1619,395,2023
Bridgeport,Park City Magnet School,4,1473,373,1856
Bridgeport,Read Middle School,4,161,48,209
Bridgeport,Read Middle School,4,625,142,772
Bridgeport,The Aquaculture Center,4,1037,209,1258
Bridgeport,Thomas Hooker School,4,1775,559,2353
Bridgeport,Wilbur Cross School,4,1956,261,2231
Bridgewater,Bridgewater Senior Center,5,667,549,1233
Bristol,Bristol Eastern High School,1,1014,902,1949
Bristol,Bristol Elks Club,1,1764,1169,2975
Bristol,Chippens Hill Middle School,1,1516,1652,3210
Bristol,Edgewood School,1,1935,1633,3611
Bristol,Greene-Hills School,1,2200,1901,4178
Bristol,Mountain View School,1,1803,1552,3415
Bristol,Northeast School,1,1867,1755,3679
Bristol,Southside School,1,1899,1569,3530
Bristol,West Bristol School,1,1464,1701,3227
Brookfield,Brookfield High School,5,3345,3114,6548
Brookfield,Huckleberry Hill School,5,2081,2112,4254
Brooklyn,Brooklyn Middle School,2,1876,2262,4221
Burlington,Town Hall,5,3099,3034,6231
Canaan,Canaan Town Hall,5,437,209,654
Canterbury,Canterbury Town Hall,2,1182,1755,3012
Canton,Canton High School,5,3878,2663,6661
Chaplin,Chaplin Volunteer Fire Department,2,598,662,1290
Cheshire,Artsplace - District 3,5,1385,1226,2681
Cheshire,Chapman School - Dist. 2,5,1064,841,1935
Cheshire,Cheshire High School - Dist. 1,5,2403,1696,4163
Cheshire,Dodd Middle School - Dist. 7,5,648,546,1220
Cheshire,Doolittle School - Dist. 5,5,888,632,1549
Cheshire,Highland School - Dist. 6,5,1254,967,2262
Cheshire,Norton School - Dist. 4,5,2103,1441,3607
Chester,Chester Town Office Building,2,1701,853,2594
Clinton,Andrews Memorial Town Hall,2,4368,3312,7804
Colchester,Assembly Of God Hall,2,427,339,780
Colchester,Assembly Of God Hall,2,1253,1067,2376
Colchester,Bacon Academy,2,1389,1084,2529
Colchester,Colchester Town Hall,2,2147,1753,4006
Colebrook,Colebrook Town Hall,1,403,563,988
Columbia,Horace W Porter School,2,1888,1600,3567
Cornwall,Cornwall Consolidated School,5,760,250,1032
Coventry,Coventry High School,2,1978,1782,3857
Coventry,GH Robertson School,2,2033,1763,3902
Cromwell,Cromwell High School,1,4872,3749,8773
Danbury,Danbury High School Gym,5,122,59,183
Danbury,Danbury High School Gym,5,235,120,359
Danbury,Danbury High School Gym,5,2400,1911,4380
Danbury,Park Avenue School Gym,5,958,451,1422
Danbury,Park Avenue School Gym,5,1208,625,1849
Danbury,Park Avenue School Gym,5,1212,917,2153
Danbury,Pembroke School Gym,5,619,445,1078
Danbury,Pembroke School Gym,5,823,736,1577
Danbury,Pembroke School Gym,5,1091,766,1880
Danbury,Shelter Rock School Gym,5,1043,609,1669
Danbury,Shelter Rock School Gym,5,1465,816,2302
Danbury,Stadley Rough School,5,279,281,567
Danbury,Stadley Rough School,5,2727,2183,4955
Danbury,War Memorial Gym,5,219,101,322
Danbury,War Memorial Gym,5,773,463,1251
Danbury,War Memorial Gym,5,1141,651,1813
Danbury,Westside Middle School Academy,5,205,158,366
Danbury,Westside Middle School Academy,5,335,160,503
Danbury,Westside Middle School Academy,5,2014,1336,3389
Darien,District 1 - 35 Leroy Avenue Municipal Building,4,1405,910,2358
Darien,District 2 - Darien Town Hall,4,1162,768,1972
Darien,District 3 - Noroton Heights Fire Department,4,1284,789,2111
Darien,District 4 - Hindley School Gymnasium Entrance,4,1285,747,2070
Darien,District 4-1 Hindley School Gymnasium Entrance,4,96,51,149
Darien,District 5 - Darien Town Hall,4,1333,821,2193
Darien,District 6 - 35 Leroy Avenue Municipal Building,4,1311,835,2165
Deep River,Deep River Elementary School,2,1785,1076,2902
Derby,Bradley Elementary School,3,1599,1728,3365
Derby,Irving Elementary School,3,1006,682,1711
Derby,Irving School-105,3,358,339,702
Durham,Korn School 1,3,1577,1413,3054
Durham,Korn School 2,3,150,175,332
Durham,Korn School 3,3,636,742,1394
East Granby,East Granby Community Center-1,1,1789,1405,3264
East Haddam,Town Office Building,2,2980,2731,5824
East Hampton,East Hampton High School,2,4051,3746,7984
East Hartford,Anna Norris School,1,2514,604,3139
East Hartford,Goodwin School,1,2163,1016,3307
East Hartford,Hockanum School,1,1934,815,2776
East Hartford,Langford School,1,1678,682,2378
East Hartford,Mayberry School,1,1495,452,1968
East Hartford,Saint Christopher Church Hall,1,2222,1231,3500
East Hartford,Silver Lane School,1,2781,724,3537
East Haven,Deer Run School 3,3,1091,1457,2569
East Haven,Deer Run School 3-S,3,83,149,233
East Haven,East Farm Village 1-S,3,80,71,151
East Haven,Hays School 5,3,1314,1524,2874
East Haven,Momauguin School 2,3,1556,1510,3115
East Haven,Overbrook School 4,3,1259,1403,2693
East Haven,Tuttle School 1,3,1333,1420,2784
East Haven,Woodview 5-S,3,41,38,79
East Lyme,East Lyme Community Center,2,1958,1138,3145
East Lyme,East Lyme High School,2,2813,1658,4549
East Lyme,Niantic Center School,2,2519,1489,4062
East Windsor,Town Hall,1,1535,1300,2873
East Windsor,Town Hall Annex,1,647,554,1228
East Windsor,Town Hall Annex,1,826,687,1550
Eastford,Eastford Elementary School,2,464,572,1067
Easton,Samuel Staples School,4,2777,2178,5020
Ellington,Crystal Lake School,2,1018,1058,2122
Ellington,Ellington High School,2,3769,3457,7358
Enfield,Enfield Municipal Annex - Fermi,2,828,532,1382
Enfield,Enfield Municipal Annex - Fermi,2,2243,2004,4323
Enfield,Enfield Senior Center,2,521,446,976
Enfield,Enfield Senior Center,2,2417,2233,4726
Enfield,Enfield Street School,2,2261,1500,3842
Enfield,Henry Barnard School,2,358,320,689
Enfield,Henry Barnard School,2,2635,2263,4980
Essex,Essex Town Hall 01,2,3011,1635,4713
Fairfield,Dwight School,4,2552,1510,4134
Fairfield,Fairfield Ludlowe High School,4,2469,1286,3797
Fairfield,Fairfield Warde High School,4,2142,1131,3315
Fairfield,Fairfield Woods Middle School,4,160,97,260
Fairfield,Fairfield Woods Middle School,4,2324,1347,3722
Fairfield,Holland Hill School,4,1501,747,2275
Fairfield,McKinley School,4,1920,1080,3037
Fairfield,Mill Hill School,4,2607,1289,3961
Fairfield,Sherman School,4,2499,1217,3774
Fairfield,St Pius School,4,2035,1251,3327
Fairfield,Stratfield School,4,2652,1097,3804
Farmington,Community Center - District 2 Precinct 6,5,2722,1912,4707
Farmington,Irving Robbins School - District 1 Precinct 1,5,2328,1219,3597
Farmington,Irving Robbins School - District 1 Precinct 2,5,106,65,176
Farmington,Irving Robbins School - District 1 Precinct 3,5,574,357,949
Farmington,Irving Robbins School - District 1 Precinct 4,5,652,511,1174
Farmington,Municipal Buildngs - FHS Library Town Hall,5,2177,1392,3631
Farmington,West Woods School - District 1 Precinct 5,5,1057,704,1800
Franklin,Franklin Town Hall,2,553,674,1260
Glastonbury (pt.),District 1 - Smith Middle School,1,3296,1700,5067
Glastonbury (pt.),District 2 - Hebron Avenue School,2,168,135,307
Glastonbury (pt.),District 3 - Hebron Avenue School,2,567,326,907
Glastonbury (pt.),District 4 - Gideon Welles School,1,1730,1052,2847
Glastonbury (pt.),District 5 - Nayaug Elementary School,1,2189,1439,3704
Glastonbury (pt.),District 7 - Academy Building,1,3231,1654,4961
Glastonbury (pt.),District 9 - Hopewell School,1,2809,1692,4581
Goshen,Goshen Center School Gymnasium,5,354,574,945
Goshen,Goshen Center School Gymnasium,5,548,587,1155
Granby,Granby Memorial High School - Community Gym,1,250,248,515
Granby,Granby Memorial High School - Community Gym,1,3779,2918,6853
Greenwich,Bendheim Western Greenwich Civic Center,4,1808,1312,3146
Greenwich,Central Middle School,4,2380,1564,4137
Greenwich,Glenville School,4,17,14,31
Greenwich,Glenville School,4,1700,1332,3062
Greenwich,Greenwich High School,4,613,442,1068
Greenwich,Greenwich High School 7a,4,1238,706,1972
Greenwich,Greenwich Town Hall,4,1316,825,2181
Greenwich,Julian Curtiss School,4,2066,821,2911
Greenwich,Julian Curtiss School 1a,4,280,186,469
Greenwich,New Lebanon School,4,1261,710,1986
Greenwich,New Lebanon School 4a,4,369,289,661
Greenwich,North Mianus School,4,2008,1334,3383
Greenwich,North Street School,4,1419,859,2310
Greenwich,North Street School 11a,4,699,505,1220
Greenwich,Old Greenwich School,4,1848,782,2670
Greenwich,Old Greenwich School 6a,4,307,143,459
Greenwich,Riverside School,4,995,495,1518
Greenwich,Riverside School 5a,4,922,390,1329
Greenwich,Western Middle School,4,997,560,1581
Griswold,EDR - Griswold Town Hall 1,2,0,0,0
Griswold,EDR Griswold Town Hall 2,2,0,0,0
Griswold,Griswold High School - D1 - CAFE,2,1087,1223,2378
Griswold,Griswold High School - D2- Gym,2,1478,2034,3602
Griswold,Griswold Town Hall 1 Absentee,2,0,0,0
Griswold,Griswold Town Hall 2 ABSENTEE,2,0,0,0
Groton,City Of Groton Municipal Building,2,1416,912,2401
Groton,Groton Public Library,2,1654,1018,2734
Groton,Mary Morrisson Elementary School,2,1735,1203,3030
Groton,Robert E Fitch Sr High School,2,1482,733,2251
Groton,S B Butler School,2,1871,924,2834
Groton,School Administration Bldg,2,1370,946,2382
Groton,Zbierski House EPB,2,1171,536,1750
Guilford,A.W. Cox School,3,1955,834,2828
Guilford,Abraham Baldwin School,3,1819,1067,2923
Guilford,Calvin Leete School,3,1995,754,2784
Guilford,Guilford Fire Headquarters,3,2234,1155,3430
Guilford,Melissa Jones School,3,1613,1240,2899
Haddam,Central Office,2,1189,1283,2513
Haddam,Haddam Firehouse Complex,2,1399,1294,2739
Haddam,Haddam Neck Firehouse,2,140,116,259
Hamden,Bear Path School,3,175,137,318
Hamden,Bear Path School,3,2759,1163,3965
Hamden,Board of Education Building,3,151,27,178
Hamden,Board of Education Building,3,2603,418,3053
Hamden,Brooker T. Washington Academy,3,2080,562,2674
Hamden,Dunbar Hill School,3,2485,913,3448
Hamden,Hamden Middle School,3,529,200,735
Hamden,Hamden Middle School,3,1714,669,2407
Hamden,Keefe Community Center,3,2138,315,2477
Hamden,Miller Library,3,529,200,740
Hamden,Ridge Hill School,3,1962,606,2588
Hamden,Spring Glen School,3,2808,789,3642
Hamden,West Woods School,3,1719,1140,2879
Hampton,Hampton TH Lower Level Meeting Room,2,572,551,1138
Hartford,Annie Fisher School - Gym,1,1713,72,1795
Hartford,Batchelder School - Gym,1,1534,314,1860
Hartford,Bulkeley High School,1,1111,239,1354
Hartford,Burns School,1,1309,274,1589
Hartford,Dutch Point Community Room,1,1280,204,1497
Hartford,Envirnomental Sciences Magnet-Mary Hooker School,1,1562,310,1877
Hartford,Grace Lutheran,1,1650,180,1848
Hartford,Hartford Public Library,1,931,164,1117
Hartford,Hartford Seminary,1,899,153,1065
Hartford,House of Restoration Church -Gym,1,741,92,842
Hartford,Kennelly School - Gym,1,1500,319,1833
Hartford,Liberty Christian,1,93,12,109
Hartford,Liberty Christian,1,1695,88,1790
Hartford,Mary Shepard Place Community Room,1,426,59,486
Hartford,Metzner Center,1,1251,358,1622
Hartford,North End Senior Center,1,1087,65,1159
Hartford,Parker Memorial Community Center,1,1949,150,2114
Hartford,Parkville Community School,1,934,232,1170
Hartford,Rawson School - Gym,1,1880,81,1970
Hartford,South End Senior Wellness Center,1,1227,211,1448
Hartford,The Learning Corridor - Gym,1,943,189,1143
Hartford,United Methodist Church,1,1434,215,1685
Hartford,United Way of The Capital Area,1,462,54,525
Hartford,YWCA,1,690,81,788
Hartland,Hartland School,1,457,818,1291
Harwinton,Assembly Hall,5,409,594,1023
Harwinton,Assembly Hall,5,988,1635,2677
Hebron,Hebron Elementary School,2,3388,2731,6266
Kent,Town Hall,5,1277,568,1864
Killingly,Board of Ed Central Office - Cafeteria,2,1997,2791,4908
Killingly,Killingly High School,2,0,0,0
Killingly,Killingly High School,2,0,0,0
Killingly,Killingly High School,2,476,502,1001
Killingly,Killingly High School,2,929,1385,2372
Killingworth,Killingworth Elementary School,2,2343,1979,4386
Lebanon,Lyman Memorial High School gym 1,2,1392,1571,3047
Lebanon,Lyman Memorial High School gym 2,2,660,697,1391
Ledyard,Gallup Hill School,2,2439,2103,4669
Ledyard,Juliet Long School,2,822,567,1428
Ledyard,Juliet Long School,2,1273,994,2328
Lisbon,Lisbon Senior Center,2,666,866,1576
Lisbon,Lisbon Town Hall,2,433,465,914
Litchfield,Bantam Borough Hall,5,486,475,981
Litchfield,Litchfield Fire House,5,1830,1416,3314
Litchfield,Northfield Fire House,5,70,101,178
Litchfield,Northfield Fire House 2,5,287,563,868
Lyme,Lyme Town Hall,2,1165,576,1772
Madison,District 2 (North),2,3583,2317,5990
Madison,Walter C. Polson Middle School,2,4042,2321,6441
Manchester,Bennet Academy,1,1597,518,2164
Manchester,Buckley School,1,2237,1206,3496
Manchester,Highland Park School,1,1757,862,2675
Manchester,Keeney School,1,1956,1145,3146
Manchester,Manchester High School Gym,1,3419,1249,4731
Manchester,Martin School,1,1551,934,2529
Manchester,Robertson School,1,1699,657,2400
Manchester,Verplanck School,1,2139,802,2980
Manchester,Waddell School,1,3100,1157,4328
Mansfield,Annie E. Vinton School GYM,2,1132,453,1630
Mansfield,Mansfield  Community Center,2,1828,383,2251
Mansfield,Mansfield Fire Dept. #107@ Eagleville,2,1112,349,1494
Mansfield,Mansfield Library/ Buchanan Auditorium,2,1536,523,2108
Marlborough,Elmer Thienes Mary Hall Elementary School,2,2119,1861,4059
Meriden,Chamberlain Highway Firehouse,5,934,570,1526
Meriden,Community Towers,5,602,300,913
Meriden,Hanover School,5,1770,1413,3242
Meriden,Immanuel Lutheran Church,5,1156,686,1871
Meriden,Israel Putnam School,5,2144,1675,3863
Meriden,John Barry School,5,1444,680,2155
Meriden,Lincoln Middle School,5,1064,951,2038
Meriden,Maloney High School,5,1002,630,1665
Meriden,Sherman Avenue Firehouse,5,618,235,867
Meriden,St. John Lutheran Church,5,1191,897,2125
Meriden,St. Rose Community Center,5,704,293,1016
Meriden,Upper Room Christian Center,5,1261,940,2232
Meriden,Washington Middle School,5,1065,711,1803
Middlebury,Shepardson Community Center 002,5,766,996,1791
Middlebury,Shepardson Community Center 01,5,1493,1745,3283
Middlefield,Memorial School,3,1442,1356,2852
Middletown (pt.),Bielefield School - District 11,3,1513,968,2514
Middletown (pt.),Bielefield School - District 12,3,1730,876,2651
Middletown (pt.),District 3 - Lawrence School,1,666,282,960
Middletown (pt.),District 6 - Lawrence School,1,1160,725,1921
Middletown (pt.),Fayerweather Beckham Hall - District 14,3,1011,127,1153
Middletown (pt.),Macdonough School - District 1,3,1105,328,1465
Middletown (pt.),Moody School - District 4,3,1186,819,2036
Middletown (pt.),Moody School - District 5,3,2331,1094,3471
Middletown (pt.),Snow School - District 7,3,991,428,1443
Middletown (pt.),Snow School - District 8,3,343,83,433
Middletown (pt.),South District Firehouse - District 10,3,988,621,1646
Middletown (pt.),Spencer School - District 13,3,759,389,1173
Middletown (pt.),Spencer School - District 2,3,350,115,472
Middletown (pt.),Wesley School - District 9,3,1375,756,2167
Milford,Harborside Middle School,3,836,481,1337
Milford,Harborside Middle School,3,3478,2642,6190
Milford,John F Kennedy School,3,1198,1010,2234
Milford,John F Kennedy School,3,1334,1085,2464
Milford,Joseph A Foran High School,3,3264,2613,5951
Milford,Margaret S Egan Center,3,1352,1095,2485
Milford,Meadowside School,3,2084,1454,3588
Milford,Orange Avenue School,3,2078,2061,4189
Milford,West Shore Recreation Center,3,2002,1556,3614
Monroe,Fawn Hollow School,4,2047,1946,4045
Monroe,Masuk High School,4,1874,2041,3973
Monroe,Monroe Elementary School,4,986,1126,2148
Monroe,Stepney Elementary School,4,931,876,1836
Montville,Mohegan Elementary School,2,538,464,1029
Montville,Mohegan Elementary School,2,750,747,1549
Montville,Montville Community Center-Gym-3,2,662,555,1244
Montville,Montville Community Center-Gym-4,2,1486,1547,3110
Montville,Town Hall-Gym-1,2,555,514,1097
Montville,Town Hall-Gym-6,2,415,415,842
Morris,James Morris Gymnasium,5,653,874,1559
Naugatuck,Andrew Avenue School,3,1136,1323,2496
Naugatuck,Andrew Avenue School A,3,589,677,1287
Naugatuck,Central Avenue School,3,1151,1336,2531
Naugatuck,City Hill Middle School,3,1458,1584,3091
Naugatuck,Cross Street School - A,3,162,207,380
Naugatuck,Cross Street School - B,3,183,260,449
Naugatuck,Maple Hill School,3,1018,1139,2194
Naugatuck,Oak Terrace,3,899,910,1835
Naugatuck,Western School - B,3,327,304,640
New Britain,Chamberlain School,5,1053,461,1533
New Britain,Diloreto School,5,1512,683,2220
New Britain,Gaffney School,5,316,169,488
New Britain,Generale Ameglio Society,5,994,361,1368
New Britain,Graham Apartments,5,118,40,158
New Britain,Holmes Elementary School,5,1237,780,2052
New Britain,International Church,5,887,338,1241
New Britain,New Britain Senior Center,5,546,153,711
New Britain,Pulaski Middle School,5,2253,1290,3599
New Britain,Roosevelt Middle School,5,1088,435,1541
New Britain,School Apartments,5,111,38,150
New Britain,Slade Middle School,5,1138,815,1978
New Britain,St. Francis Of Assisi Church Hall,5,594,259,874
New Britain,St. Jean Baptiste Societe,5,654,265,927
New Britain,St. John Paul II School,5,975,563,1559
New Britain,Vance Village School,5,1424,561,2015
New Britain,VFW Post 511,5,1131,513,1657
New Canaan,New Canaan High School Gym,4,3857,2616,6574
New Canaan,Saxe Middle School North,4,2281,1416,3758
New Canaan,Saxe Middle School South,4,1160,823,2027
New Fairfield,Company A Firehouse,5,655,700,1383
New Fairfield,Meeting House Hill School,5,3446,3643,7172
New Hartford,Ann Antolini School,1,1008,1291,2344
New Hartford,New Hartford Elementary,1,1081,1091,2231
New Haven,Atwater Senior Center 01,3,669,144,818
New Haven,Barnard School,3,1119,95,1222
New Haven,Beecher School,3,1144,137,1292
New Haven,Bella Vista 11-01,3,616,218,839
New Haven,Benjamin Jepson Magnet School,3,1163,328,1511
New Haven,Betsy Ross School,3,703,176,883
New Haven,Bishop Woods School,3,294,105,402
New Haven,Brennan Rogers,3,477,55,540
New Haven,Career High School,3,598,130,732
New Haven,Career High School02,3,213,45,260
New Haven,Celentano Museum Academy,3,488,45,539
New Haven,Celentano Museum Academy,3,581,57,644
New Haven,Community Room,3,536,161,699
New Haven,Conte-West Hills School 02,3,1147,128,1293
New Haven,Conte-West Schools 8-01,3,199,49,254
New Haven,Davis Street School,3,1969,233,2232
New Haven,Eastview Terrace,3,365,105,471
New Haven,Edgewood School,3,2172,258,2467
New Haven,Firehouse Ellsworth,3,1316,101,1434
New Haven,Firehouse Woodward,3,1274,501,1784
New Haven,Hall Of Records 02,3,2133,192,2346
New Haven,Hillhouse High School,3,1223,180,1414
New Haven,John S. Martinez School,3,571,219,791
New Haven,King-Robinson School,3,752,40,798
New Haven,Lincoln-Bassett School,3,1702,104,1822
New Haven,Main Library,3,160,8,171
New Haven,Mauro Sheridan School,3,1270,154,1435
New Haven,Nathan Hale School,3,1270,861,2158
New Haven,New Horizons School 02,3,585,166,755
New Haven,New Horizons School 03,3,171,25,198
New Haven,Old West Hills,3,651,88,749
New Haven,Ross/woodward,3,207,89,298
New Haven,Ross/woodward,3,1005,246,1260
New Haven,Troup Academy,3,1150,103,1278
New Haven,Truman School,3,723,146,882
New Haven,Truman School 02,3,233,38,271
New Haven,Wexler Grant School,3,489,33,523
New Haven,Wexler Grant School,3,605,38,649
New Haven,Wilbur Cross High School - Federal,3,2148,227,2395
New Haven,Wilbur Cross High School - Ward 9,3,1430,118,1567
New London,Harbor School,2,2619,756,3444
New London,Nathan Hale School,2,1528,559,2122
New London,New London STM High School,2,2765,730,3557
New Milford,Catherine E Lillis Building,5,1339,1042,2417
New Milford,Gaylordsville Fire House,5,491,416,919
New Milford,Hill & Plain School,5,1244,1407,2694
New Milford,Northville School,5,1533,1511,3091
New Milford,Odd Fellows Lodge,5,841,780,1649
New Milford,Sarah Noble Intermediate School,5,1350,1137,2523
New Milford,Schaghticoke School,5,1206,1200,2441
Newington,Anna Reynolds School ---District---3,1,946,669,1640
Newington,Elizabeth Green School---District---4,1,1172,774,1980
Newington,John Paterson School---District---6,1,1173,948,2163
Newington,John Wallace Middle School-- District--8,1,723,605,1344
Newington,John Wallace Middle School---District---5,1,1169,880,2078
Newington,Martin Kellogg Middle School---District---7,1,1157,738,1917
Newington,Ruth L. Chaffee School---District---2,1,2168,1458,3673
Newington,Town Hall---District---1,1,1523,1002,2557
Newtown,Head O Meadow School Cafetorium,5,274,191,474
Newtown,Head O Meadow School Cafetorium,5,1786,1305,3135
Newtown,Middle School Gym A,5,139,82,224
Newtown,Middle School Gym A,5,3057,2220,5369
Newtown,Reed Intermediate School,5,3314,899,4255
Newtown,Reed Intermediate School,5,1125,2595,3799
Norfolk,Town Hall,5,659,381,1060
North Branford,Jerome Harrison Elementary School,3,2074,2450,4600
North Branford,Stanley T. Williams Community Center,3,1644,2336,4030
North Canaan,Town Hall - McCarthy Room,5,862,812,1705
North Haven,Clintonville Elementary School,3,1651,2004,3701
North Haven,Green Acres Elementary School,3,804,864,1688
North Haven,Montowese Elementary School,3,1491,1993,3518
North Haven,Recreation Center,3,1353,1590,2964
North Haven,Ridge Road Elementary School,3,1034,525,1580
North Haven,Ridge Road Elementary School,3,1056,903,1986
North Stonington,North Stonington Education Center,2,1601,1710,3375
Norwalk,Columbus School,4,2858,597,3482
Norwalk,Fox Run School,4,2744,1506,4313
Norwalk,Kendall School,4,2122,820,2968
Norwalk,Marvin School,4,3609,1595,5270
Norwalk,Nathan Hale Middle School,4,1829,1142,3011
Norwalk,Nathaniel Ely School,4,1142,349,1504
Norwalk,Ponus Ridge Middle School,4,2655,1593,4291
Norwalk,Roton Middle School,4,2826,999,3894
Norwalk,St. Mary's Community Hall,4,2046,611,2691
Norwalk,Tracey School,4,2854,1265,4160
Norwalk,West Rocks Middle School,4,2594,1374,4007
Norwalk,Wolfpit School,4,2103,1460,3623
Norwich,American Legion Post 4,2,942,545,1531
Norwich,John B Stanton Elementary School,2,2626,1676,4381
Norwich,John M. Moriarty School,2,980,769,1777
Norwich,Rose City Senior Center,2,2303,1405,3809
Norwich,Samuel Huntington Elementary School,2,796,563,1391
Norwich,St Mark Lutheran Church,2,1659,685,2400
Old Lyme,Lyme-Old Lyme Middle School Gymnasium,2,3226,2099,5413
Old Saybrook,Old Saybrook High School Gymnasium,2,2476,1701,4230
Old Saybrook,Old Saybrook Middle School Gymnasium,2,1777,1294,3113
Orange,High Plains Community Center Gym,3,2706,2459,5233
Orange,High Plains Community Center Senior Cafeteria,3,1085,965,2077
Orange,High Plains Community Center South Wing Room 3,3,1025,893,1939
Oxford,Quaker Farms School,4,3269,5118,8511
Plainfield,1 Town Hall,2,722,1026,1776
Plainfield,1a Town Hall,2,579,800,1404
Plainfield,2 Central Village Fire Station,2,365,537,925
Plainfield,3 Moosup Fire Station,2,967,1303,2332
Plainfield,4 Atwood Hose Station,2,216,414,649
Plainville,Linden Street School,5,1368,1454,2876
Plainville,Our Lady Of Mercy Parish Hall,5,1387,1274,2714
Plainville,Toffolon School,5,842,1015,1880
Plainville,Wheeler School,5,1073,1068,2177
Plymouth,Terryville High School,5,2477,3984,6593
Pomfret,Pomfret Community School,2,1357,1113,2522
Portland,Portland Middle School,1,3155,2641,5887
Preston,Preston Plains Middle School,2,1270,1529,2868
Prospect,Community Center,3,1189,1985,3202
Prospect,Prospect Firehouse,3,921,1950,2908
Putnam,Putnam Middle School Gym,2,1473,1398,2938
Putnam,Town Garage,2,590,795,1411
Redding,Redding Community Center,4,2554,1317,3924
Redding,Redding Community Center 2,4,1275,735,2046
Redding,Town Hall,4,0,0,0
Redding,Town Hall 2,4,0,0,0
Ridgefield,East Ridge Middle School - 1,4,3710,1969,5784
Ridgefield,Scotts Ridge Middle School - 2,4,3212,1870,5162
Ridgefield,Scotts Ridge Middle School - 4,4,435,259,704
Ridgefield,Yanity Gym - 3,4,2921,1591,4585
Rocky Hill,Griswold Middle School,1,1355,1111,2500
Rocky Hill,Moser School,1,2182,1417,3664
Rocky Hill,West Hill School,1,2578,2142,4773
Roxbury,Roxbury Town Hall,5,937,660,1622
Salem,Salem Town Office Building,2,1285,1291,2619
Salisbury,Town Hall,5,2023,502,2555
Scotland,Firehouse/community Center,2,406,537,970
Seymour,District 1 Community Center,3,1949,2349,4362
Seymour,District 2 Seymour Middle School,3,741,1288,2054
Seymour,District 3 Chatfield-Lopresti School,3,1321,1605,2976
Sharon,Sharon Center School,5,1019,510,1555
Sharon,Sharon Town Hall,5,0,0,0
Shelton (pt.),Elizabeth Shelton School,4,2553,3570,6206
Shelton (pt.),Long Hill School,4,2587,2683,5316
Shelton (pt.),Mohegan School,4,2269,3169,5512
Shelton (pt.),Shelton Intermediate School,3,571,616,1208
Shelton (pt.),Shelton Intermediate School,4,2857,2709,5640
Sherman,Emerg Services Facility - Firehouse- Upper Level,5,1234,1076,2336
Simsbury,Henry James Memorial School,5,2925,1646,4645
Simsbury,Latimer Lane School,5,3192,1642,4910
Simsbury,Tariffville School,5,1672,816,2545
Simsbury,Tootin Hill School,5,2507,1471,4067
Somers,Town Hall,2,2445,3204,5720
South Windsor,Charles Enes Community Center,1,0,0,0
South Windsor,Eli Terry School,1,1849,1117,3020
South Windsor,Pleasant Valley School,1,532,406,953
South Windsor,PR Smith School,1,1494,896,2449
South Windsor,SWHS,1,2771,1578,4441
South Windsor,TE Middle School,1,2950,1633,4655
Southbury,Center Fire House District #1,5,2791,2491,5343
Southbury,Southbury Community Building District #3,5,1030,1093,2154
Southbury,Southbury Public Library District #2,5,2749,2676,5493
Southington,De Paolo School,1,1371,1109,2513
Southington,Derynoski School,1,1702,1643,3415
Southington,Flanders School,1,1181,1380,2582
Southington,Hatton School,1,878,879,1792
Southington,Kelley School,1,1010,1315,2359
Southington,Kennedy School,1,1280,1328,2640
Southington,Oshana School,1,855,945,1831
Southington,South End School,1,1653,1776,3483
Southington,Strong School,1,1194,1304,2530
Southington,Tabernacle,1,728,636,1375
Southington,Thalberg School,1,1003,1158,2194
Sprague,Sayles School,2,641,882,1557
Stafford,Stafford Community  Center,2,1203,1282,2559
Stafford,Stafford Public Library,2,781,949,1769
Stafford,West Stafford Fire Dept.,2,825,1230,2092
Stamford,Cloonan Middle School -Side,4,1008,322,1343
Stamford,Davenport Ridge School,4,1807,1338,3184
Stamford,Dolan Middle School,4,2380,1305,3729
Stamford,Domus - The Old Rogers School,4,1554,483,2077
Stamford,First Presbyterian Church,4,2419,711,3184
Stamford,Julia A Stark School,4,1328,484,1833
Stamford,Long Ridge Fire Dept,4,1127,542,1691
Stamford,Murphy School,4,1730,928,2690
Stamford,Northeast School,4,836,503,1358
Stamford,Our Lady Star Of The Sea,4,1768,885,2679
Stamford,Rippowam Middle School,4,1756,1079,2870
Stamford,Roxbury School,4,2069,1292,3391
Stamford,Saint Bridget School,4,2428,812,3286
Stamford,Salvation Army Community Center,4,1769,524,2312
Stamford,Scofield Middle School,4,2576,1369,3994
Stamford,South End Community Center,4,1953,604,2601
Stamford,Springdale School -Rear,4,2293,1024,3350
Stamford,Stamford High School -Rear,4,1879,807,2730
Stamford,Stillmeadow School,4,305,113,422
Stamford,Stillmeadow School,4,1075,505,1599
Stamford,Turn Of River School,4,1318,896,2235
Stamford,Turn Of River School,4,1534,994,2558
Stamford,Westover School,4,3525,722,4283
Sterling,Sterling Municipal Building,2,639,1229,1907
Stonington,BF Hoxie Engine Company,2,1523,693,2258
Stonington,Board Of Education Administration Building,2,944,560,1526
Stonington,Deans Mill School,2,730,466,1214
Stonington,Pawcatuck Middle School,2,2814,1987,4884
Stonington,Stonington Fire House,2,1442,534,2006
Stratford,Bunnell High School 120 21,3,1077,935,2034
Stratford,Bunnell High Scool 122-21,3,720,559,1288
Stratford,Chapel Street School 120-21,3,649,515,1182
Stratford,Chapel Street School 122 21,3,1216,865,2095
Stratford,Franklin School 121 23,3,814,260,1089
Stratford,Franklin School 121-21,3,749,296,1059
Stratford,Johnson House 121 23,3,1813,350,2183
Stratford,Johnson House 121-21,3,181,70,253
Stratford,Lordship Elementary School 120 21,3,336,164,504
Stratford,Lordship Elementary School 121 21,3,1522,1115,2679
Stratford,Nichols School 120-21,3,241,162,406
Stratford,Nichols School 121 21,3,1273,640,1936
Stratford,Second Hill Lane 120 21,3,1562,1211,2802
Stratford,Stratford High School 120 21,3,951,568,1537
Stratford,Stratford High School 121 23,3,51,16,67
Stratford,Stratford High School 121-21,3,715,394,1119
Stratford,Wilcoxson School 120 21,3,1738,1238,3007
Stratford,Wooster Middle School 120 21,3,1295,908,2231
Stratford,Wooster Middle School 121-21,3,460,250,723
Suffield,Suffield Middle School,2,4363,4155,8684
Thomaston,Lena Morton Art Gallery,5,1528,2768,4374
Thompson,Community Room Town Hall,2,897,1312,2262
Thompson,East Thompson Fire Station,2,352,669,1037
Thompson,Quinebaug Volunteer Fire Department,2,310,416,735
Thompson,Thompson Hill Fire Station,2,491,608,1121
Tolland,The Gym At Tolland Recreation Center 1,2,1984,1543,3600
Tolland,The Gym At Tolland Recreation Center 3,2,483,355,853
Tolland,Tolland Senior Center,2,2636,2077,4802
Torrington (pt.),Armory,5,2875,3468,6478
Torrington (pt.),City Hall 1,1,280,410,713
Torrington (pt.),City Hall 2,1,256,260,520
Torrington (pt.),Coe Park 1,1,625,1076,1723
Torrington (pt.),Coe Park 2,1,179,129,318
Torrington (pt.),Torringford School 1,1,178,208,396
Torrington (pt.),Torringford School 2,5,990,1131,2160
Torrington (pt.),Torrington Middle School,1,1900,2538,4513
Trumbull,Hillcrest School,4,2877,2469,5413
Trumbull,Madison School 123,4,2823,2453,5364
Trumbull,Middlebrook School 134,4,3570,2977,6630
Trumbull,St. Joseph High School 122,4,638,509,1165
Trumbull,St. Joseph High School 123,4,2011,1361,3423
Union,Union Town Hall,2,249,307,571
Vernon,North East School,2,2720,1513,4322
Vernon,Rockville High School,2,2721,1662,4459
Vernon,Skinner Road School,2,2123,1319,3503
Vernon,Vernon Center Middle School,2,1695,1354,3115
Voluntown,voluntown elementary school,2,566,918,1524
Wallingford,Cook Hill School,3,2217,1840,4107
Wallingford,Dag Hammarskjold Middle School,3,1836,1631,3518
Wallingford,Evarts C. Stevens School,3,1639,1130,2820
Wallingford,Moses Y. Beach School,3,954,746,1736
Wallingford,Parker Farms School,3,1257,1031,2322
Wallingford,Pond Hill School,3,424,499,933
Wallingford,Rock Hill School,3,2061,2151,4272
Wallingford,Wallingford Senior Center,3,1263,1052,2338
Wallingford,Yalesville Elementary School,3,1909,1751,3733
Warren,Town Hall,5,465,470,945
Washington,Town Hall,5,1461,770,2268
Waterbury (pt.),Carrington School,5,1829,1620,3487
Waterbury (pt.),Chase School,5,1877,1139,3046
Waterbury (pt.),Crosby High School,5,1767,1147,2946
Waterbury (pt.),Edward D Bergin Apartments,5,1015,404,1430
Waterbury (pt.),Gilmartin School,3,569,475,1055
Waterbury (pt.),Kennedy High School,5,948,1206,2179
Waterbury (pt.),Kingsbury School,5,1398,861,2277
Waterbury (pt.),Maloney School,5,1022,360,1388
Waterbury (pt.),Mount Olive A M E Zion Church,5,642,192,847
Waterbury (pt.),Our Lady of Lebanon 3,3,421,480,909
Waterbury (pt.),Our Lady of Lebanon 5,5,63,49,114
Waterbury (pt.),Reed School,5,1175,269,1456
Waterbury (pt.),Regan School,5,1314,781,2124
Waterbury (pt.),Saint Peter And Paul School,5,1045,716,1782
Waterbury (pt.),Sprague School,5,726,465,1198
Waterbury (pt.),St. Francis Xaiver Church Hall,3,1070,546,1628
Waterbury (pt.),Tinker School,3,1536,1528,3108
Waterbury (pt.),Washington Park House,5,522,245,774
Waterbury (pt.),West Side Middle School,5,1398,1094,2521
Waterbury (pt.),Willow Plaza Community Center,5,753,313,1071
Waterbury (pt.),Woodrow Wilson School,5,483,267,757
Waterford,Great Neck School,2,1786,1322,3163
Waterford,Oswegatchie School,2,1892,1479,3451
Waterford,Quaker Hill School,2,1667,1156,2880
Waterford,Town Hall,2,1572,1167,2819
Watertown,Judson School,5,1210,2059,3308
Watertown,Polk School,5,1082,1832,2957
Watertown,Swift Middle School,5,967,1851,2859
Watertown,Watertown High School,5,1353,2234,3630
West Hartford,Braeburn School,1,3570,1148,4777
West Hartford,Bristow Middle School,1,3542,891,4487
West Hartford,Charter Oak International Academy,1,3304,958,4330
West Hartford,Conard High School,1,2684,1036,3776
West Hartford,Hall High School,1,2421,708,3176
West Hartford,King Philip Middle School,1,2538,867,3452
West Hartford,Sedgwick Middle School,1,2750,889,3706
West Hartford,West Hartford Town Hall,1,3869,827,4755
West Hartford,Wolcott School,1,2620,1127,3812
West Haven,Ann V. Molloy School,3,1518,438,1973
West Haven,Elks Lodge #1537,3,1806,740,2580
West Haven,Forest School,3,1573,577,2171
West Haven,John Prete Senior Housing,3,1255,287,1555
West Haven,Mackrille School,3,1476,1214,2717
West Haven,Pagels School,3,1414,1339,2781
West Haven,Seth Haley School,3,1661,1587,3285
West Haven,St Paul's Church Hall,3,996,316,1319
West Haven,Surfside Senior Housing,3,1109,810,1947
West Haven,Washington School,3,1437,818,2277
Westbrook,Teresa Mulvey Municipal Center - 1,2,1296,1105,2444
Westbrook,Theresa Mulvey Municipal Center - 2,2,992,853,1865
Weston,Weston Middle School - 26,4,2780,1012,3861
Weston,Weston Middle School - 28,4,1953,668,2661
Westport,Coleytown Elementary School Gymnasium,4,2879,938,3875
Westport,Greens Farms Elementary School Auditorium,4,1164,365,1550
Westport,Greens Farms Elementary School Gym,4,1646,528,2198
Westport,Long Lots Elementary School Gym,4,2985,965,4015
Westport,Saugatuck Elementary School Gym,4,925,360,1299
Westport,Saugatuck Elementary School Gym,4,1979,608,2632
Westport,Westport Library 136-6,4,1470,458,1953
Wethersfield,Emerson Williams School,1,1620,1115,2768
Wethersfield,Incarnation Church Hall,1,1584,1485,3122
Wethersfield,Keeney Cultural Center,1,1000,511,1541
Wethersfield,Pitkin Community Center,1,2046,1053,3154
Wethersfield,Webb Elementary School,1,1928,1283,3253
Wethersfield,Wethersfield United Methodist Church,1,1434,966,2436
Willington,Hall Memorial School Gymnasium,2,1674,1445,3200
Wilton,Cider Mill School - District 2,4,2732,1380,4198
Wilton,Middlebrook School - District 3,4,2339,1180,3575
Wilton,Wilton High School - District 1,4,2605,1259,3940
Winchester,Pearson School,1,2304,2799,5133
Windham,Bpo Elks 1311,2,635,361,1028
Windham,Bpo Elks 1311,2,1692,745,2481
Windham,Elks,2,339,130,478
Windham,Vfw,2,1456,563,2047
Windham,Windham Center Fire Dept,2,1243,1025,2311
Windsor,330 Windsor Avenue,1,2286,286,2594
Windsor,John F Kennedy School,1,2525,716,3291
Windsor,L. P. Wilson,1,1440,207,1662
Windsor,Oliver Ellsworth School,1,2357,1035,3460
Windsor,Poquonock School,1,2278,854,3174
Windsor,Rainbow Firehouse,1,1118,591,1733
Windsor,Windsor Town Hall,1,1179,401,1595
Windsor Locks,Mario Gatti Town Hall,1,1894,1517,3479
Windsor Locks,Windsor Locks High School,1,1857,1639,3541
Wolcott,Tyrrell Middle School,5,1124,1918,3097
Wolcott,Wakelee,5,1092,2135,3275
Wolcott,Wolcott High School,5,1117,2466,3626
Woodbridge,Center School 1,3,3254,1473,4786
Woodbridge,Center School 2,3,601,343,953
Woodbury,Senior/ Community Center - O&G Room,5,2882,2929,5886
Woodbury,Senior/ Community Center -- Activity Room,5,299,366,673
Woodstock,Woodstock Town Hall,2,2548,2520,5178