County,CD,Election District,Election Precinct,Biden,Trump,Total
Allegany,6,1,0,76,417,501
Allegany,6,2,0,81,429,515
Allegany,6,3,0,80,460,544
Allegany,6,4,2,133,210,354
Allegany,6,4,3,238,375,628
Allegany,6,4,4,374,563,948
Allegany,6,4,5,147,303,453
Allegany,6,4,8,275,512,806
Allegany,6,5,4,275,415,697
Allegany,6,5,6,72,281,359
Allegany,6,6,1,439,375,829
Allegany,6,6,3,169,228,402
Allegany,6,6,5,333,369,721
Allegany,6,6,6,262,657,933
Allegany,6,7,1,292,769,1080
Allegany,6,7,2,330,832,1179
Allegany,6,8,0,254,997,1267
Allegany,6,9,0,82,437,525
Allegany,6,10,0,129,696,837
Allegany,6,11,0,286,327,619
Allegany,6,12,0,559,881,1481
Allegany,6,13,0,165,784,962
Allegany,6,14,0,130,134,272
Allegany,6,16,0,187,878,1075
Allegany,6,18,0,150,851,1011
Allegany,6,20,0,168,818,998
Allegany,6,21,0,111,514,632
Allegany,6,22,1,336,621,977
Allegany,6,22,2,20,69,89
Allegany,6,23,0,408,695,1125
Allegany,6,24,0,191,652,852
Allegany,6,26,0,921,745,1694
Allegany,6,29,1,428,913,1358
Allegany,6,29,2,413,745,1174
Allegany,6,29,3,280,580,870
Allegany,6,31,0,138,615,760
Allegany,6,34,0,226,739,984
Anne Arundel (pt.),3,1,1,737,893,1662
Anne Arundel (pt.),3,1,2,655,717,1404
Anne Arundel (pt.),3,1,3,590,822,1447
Anne Arundel (pt.),2,1,4,911,595,1539
Anne Arundel (pt.),2,1,5,864,401,1288
Anne Arundel (pt.),2,1,6,1371,475,1889
Anne Arundel (pt.),2,1,7,406,629,1073
Anne Arundel (pt.),3,1,8,609,936,1585
Anne Arundel (pt.),3,1,9,521,880,1441
Anne Arundel (pt.),2,1,10,491,573,1088
Anne Arundel (pt.),2,1,11,374,505,901
Anne Arundel (pt.),2,1,12,1358,390,1779
Anne Arundel (pt.),2,1,13,313,307,633
Anne Arundel (pt.),3,1,14,571,710,1314
Anne Arundel (pt.),2,1,15,666,648,1346
Anne Arundel (pt.),2,1,16,543,571,1140
Anne Arundel (pt.),2,1,17,470,429,908
Anne Arundel (pt.),2,1,18,1218,699,1956
Anne Arundel (pt.),2,1,19,1312,421,1773
Anne Arundel (pt.),2,1,20,1276,517,1835
Anne Arundel (pt.),2,1,21,1554,257,1846
Anne Arundel (pt.),2,1,22,3463,997,4554
Anne Arundel (pt.),2,1,23,1227,320,1577
Anne Arundel (pt.),2,1,24,863,285,1169
Anne Arundel (pt.),2,1,25,577,466,1067
Anne Arundel (pt.),2,1,26,1998,345,2384
Anne Arundel (pt.),3,2,1,746,612,1397
Anne Arundel (pt.),4,2,2,733,506,1259
Anne Arundel (pt.),3,2,3,593,602,1227
Anne Arundel (pt.),3,2,4,1152,813,1997
Anne Arundel (pt.),3,2,5,873,560,1463
Anne Arundel (pt.),3,2,6,563,566,1157
Anne Arundel (pt.),3,2,7,1125,865,2030
Anne Arundel (pt.),3,2,8,761,929,1726
Anne Arundel (pt.),3,2,9,995,496,1532
Anne Arundel (pt.),3,2,10,626,939,1597
Anne Arundel (pt.),3,2,11,417,491,930
Anne Arundel (pt.),3,2,12,452,607,1080
Anne Arundel (pt.),4,2,13,722,691,1452
Anne Arundel (pt.),3,2,14,1461,371,1873
Anne Arundel (pt.),3,2,15,1154,480,1679
Anne Arundel (pt.),3,2,16,424,507,953
Anne Arundel (pt.),3,2,17,1303,405,1739
Anne Arundel (pt.),4,2,18,792,341,1165
Anne Arundel (pt.),3,2,19,981,499,1508
Anne Arundel (pt.),4,2,20,943,700,1677
Anne Arundel (pt.),4,2,21,1248,1242,2549
Anne Arundel (pt.),3,2,22,688,1044,1785
Anne Arundel (pt.),3,2,23,1139,826,2032
Anne Arundel (pt.),3,2,24,876,696,1608
Anne Arundel (pt.),4,3,1,510,964,1509
Anne Arundel (pt.),3,3,2,353,670,1047
Anne Arundel (pt.),4,3,3,727,1366,2144
Anne Arundel (pt.),4,3,4,858,1145,2051
Anne Arundel (pt.),4,3,5,1070,1271,2394
Anne Arundel (pt.),3,3,6,3917,2479,6530
Anne Arundel (pt.),4,3,7,683,825,1559
Anne Arundel (pt.),3,3,8,1069,821,1929
Anne Arundel (pt.),4,3,9,295,507,826
Anne Arundel (pt.),4,3,10,548,1230,1807
Anne Arundel (pt.),3,3,11,594,1265,1893
Anne Arundel (pt.),3,3,12,469,1219,1721
Anne Arundel (pt.),4,3,13,551,1225,1810
Anne Arundel (pt.),3,3,14,363,808,1189
Anne Arundel (pt.),3,3,15,400,815,1243
Anne Arundel (pt.),4,3,16,589,980,1620
Anne Arundel (pt.),4,3,17,443,1099,1565
Anne Arundel (pt.),4,3,18,605,1310,1945
Anne Arundel (pt.),3,3,19,464,1143,1629
Anne Arundel (pt.),3,3,20,361,980,1369
Anne Arundel (pt.),4,3,21,814,987,1857
Anne Arundel (pt.),4,3,22,572,755,1346
Anne Arundel (pt.),4,3,23,536,810,1381
Anne Arundel (pt.),3,3,24,667,1070,1772
Anne Arundel (pt.),3,3,25,827,477,1328
Anne Arundel (pt.),3,4,1,1022,331,1373
Anne Arundel (pt.),3,4,2,1294,659,2007
Anne Arundel (pt.),4,4,3,843,663,1541
Anne Arundel (pt.),4,4,4,818,923,1799
Anne Arundel (pt.),3,4,5,775,338,1128
Anne Arundel (pt.),3,4,6,1967,209,2201
Anne Arundel (pt.),2,4,7,1628,544,2237
Anne Arundel (pt.),4,4,8,830,693,1558
Anne Arundel (pt.),2,4,9,2195,356,2591
Anne Arundel (pt.),5,4,10,1030,513,1562
Anne Arundel (pt.),3,4,11,905,407,1350
Anne Arundel (pt.),3,4,12,859,583,1480
Anne Arundel (pt.),4,4,13,615,777,1433
Anne Arundel (pt.),4,4,14,714,744,1500
Anne Arundel (pt.),4,4,15,1185,1012,2263
Anne Arundel (pt.),3,4,16,1202,476,1705
Anne Arundel (pt.),3,4,17,920,354,1305
Anne Arundel (pt.),4,4,18,1617,714,2383
Anne Arundel (pt.),2,4,19,1376,167,1567
Anne Arundel (pt.),3,4,20,1158,523,1710
Anne Arundel (pt.),4,4,21,1654,925,2620
Anne Arundel (pt.),4,4,22,1097,405,1531
Anne Arundel (pt.),4,4,23,1741,936,2726
Anne Arundel (pt.),2,4,24,1498,279,1813
Anne Arundel (pt.),3,4,25,147,59,209
Anne Arundel (pt.),3,4,26,609,167,797
Anne Arundel (pt.),3,5,1,1010,851,1894
Anne Arundel (pt.),3,5,2,1153,799,1998
Anne Arundel (pt.),4,5,3,953,734,1722
Anne Arundel (pt.),4,5,4,885,815,1743
Anne Arundel (pt.),4,5,5,933,663,1629
Anne Arundel (pt.),4,5,6,854,517,1394
Anne Arundel (pt.),4,5,7,764,620,1413
Anne Arundel (pt.),4,5,8,962,736,1738
Anne Arundel (pt.),4,5,9,601,444,1064
Anne Arundel (pt.),4,5,10,428,454,894
Anne Arundel (pt.),4,5,11,808,659,1502
Anne Arundel (pt.),4,5,12,707,537,1274
Anne Arundel (pt.),4,5,13,827,682,1550
Anne Arundel (pt.),4,5,14,871,706,1614
Anne Arundel (pt.),4,5,15,453,387,855
Anne Arundel (pt.),4,5,16,692,548,1265
Anne Arundel (pt.),3,5,17,960,797,1792
Anne Arundel (pt.),3,5,18,911,644,1587
Anne Arundel (pt.),4,5,19,755,590,1379
Anne Arundel (pt.),3,5,20,1007,610,1644
Anne Arundel (pt.),4,5,21,1270,929,2257
Anne Arundel (pt.),3,5,22,975,727,1756
Anne Arundel (pt.),4,5,23,717,473,1209
Anne Arundel (pt.),4,5,24,707,649,1383
Anne Arundel (pt.),4,5,25,803,743,1570
Anne Arundel (pt.),4,5,26,1629,1058,2747
Anne Arundel (pt.),4,5,27,877,622,1535
Anne Arundel (pt.),4,5,28,449,332,790
Anne Arundel (pt.),4,5,29,243,397,656
Anne Arundel (pt.),4,5,30,446,409,871
Anne Arundel (pt.),4,5,31,251,237,497
Anne Arundel (pt.),4,5,32,460,232,710
Anne Arundel (pt.),4,5,33,705,848,1586
Anne Arundel (pt.),4,5,34,563,388,977
Anne Arundel (pt.),3,5,35,78,79,158
Anne Arundel (pt.),3,6,1,1596,540,2170
Anne Arundel (pt.),3,6,2,1016,508,1549
Anne Arundel (pt.),3,6,3,937,156,1108
Anne Arundel (pt.),3,6,4,433,80,525
Anne Arundel (pt.),3,6,5,753,356,1131
Anne Arundel (pt.),3,6,6,599,114,724
Anne Arundel (pt.),3,6,7,633,223,870
Anne Arundel (pt.),3,6,8,1064,384,1471
Anne Arundel (pt.),3,6,9,963,507,1498
Anne Arundel (pt.),3,6,10,734,477,1234
Anne Arundel (pt.),3,6,11,718,257,991
Anne Arundel (pt.),3,6,12,1159,387,1580
Anne Arundel (pt.),3,6,13,736,174,926
Anne Arundel (pt.),3,6,14,1238,294,1550
Anne Arundel (pt.),3,6,15,899,267,1187
Anne Arundel (pt.),3,6,16,650,140,801
Anne Arundel (pt.),3,6,17,1104,433,1559
Anne Arundel (pt.),3,6,18,1213,507,1748
Anne Arundel (pt.),4,6,19,1285,895,2203
Anne Arundel (pt.),4,6,20,769,479,1257
Anne Arundel (pt.),4,6,21,400,387,800
Anne Arundel (pt.),3,6,22,1153,589,1789
Anne Arundel (pt.),3,6,23,902,427,1355
Anne Arundel (pt.),3,6,24,986,347,1360
Anne Arundel (pt.),3,6,25,847,509,1383
Anne Arundel (pt.),4,6,26,1438,1087,2576
Anne Arundel (pt.),4,6,27,369,397,773
Anne Arundel (pt.),4,6,28,718,652,1395
Anne Arundel (pt.),3,6,29,525,409,950
Anne Arundel (pt.),3,6,30,1049,471,1544
Anne Arundel (pt.),4,6,31,697,539,1245
Anne Arundel (pt.),4,6,32,859,542,1427
Anne Arundel (pt.),5,7,1,931,1270,2235
Anne Arundel (pt.),5,7,2,958,1059,2056
Anne Arundel (pt.),5,7,3,773,660,1458
Anne Arundel (pt.),5,7,4,660,764,1458
Anne Arundel (pt.),5,7,5,1299,1448,2805
Anne Arundel (pt.),5,7,6,1129,1410,2588
Anne Arundel (pt.),5,7,7,926,1052,2008
Anne Arundel (pt.),5,7,8,777,885,1692
Anne Arundel (pt.),5,7,9,834,787,1655
Anne Arundel (pt.),5,7,10,868,1061,1961
Anne Arundel (pt.),5,7,11,275,368,664
Anne Arundel (pt.),4,7,12,527,528,1080
Anne Arundel (pt.),4,7,13,931,889,1852
Anne Arundel (pt.),5,7,14,758,442,1230
Anne Arundel (pt.),5,7,15,1025,648,1722
Anne Arundel (pt.),5,7,16,1207,465,1708
Anne Arundel (pt.),4,7,17,597,379,1007
Anne Arundel (pt.),4,7,18,1107,642,1780
Anne Arundel (pt.),5,7,19,500,651,1170
Anne Arundel (pt.),4,7,20,871,430,1340
Anne Arundel (pt.),5,7,21,787,1212,2034
Anne Arundel (pt.),4,7,22,966,1017,2012
Anne Arundel (pt.),4,7,23,1193,1093,2326
Anne Arundel (pt.),4,7,24,1175,779,1998
Anne Arundel (pt.),5,7,25,754,988,1767
Anne Arundel (pt.),5,7,26,939,728,1703
Anne Arundel (pt.),5,7,27,1218,1162,2417
Baltimore City (pt.),3,1,1,1317,248,1600
Baltimore City (pt.),3,1,2,1142,158,1333
Baltimore City (pt.),3,1,3,1008,233,1285
Baltimore City (pt.),3,1,4,1241,376,1661
Baltimore City (pt.),3,1,5,1614,494,2173
Baltimore City (pt.),3,2,1,640,68,714
Baltimore City (pt.),3,2,2,966,138,1124
Baltimore City (pt.),3,2,3,1356,246,1628
Baltimore City (pt.),7,3,1,411,23,445
Baltimore City (pt.),7,3,2,285,29,319
Baltimore City (pt.),3,3,3,1115,262,1404
Baltimore City (pt.),7,4,1,875,84,977
Baltimore City (pt.),7,4,2,1336,141,1506
Baltimore City (pt.),7,4,3,248,5,259
Baltimore City (pt.),7,5,1,485,26,521
Baltimore City (pt.),7,5,2,69,,70
Baltimore City (pt.),7,6,1,452,39,500
Baltimore City (pt.),7,6,2,327,28,361
Baltimore City (pt.),7,6,3,229,15,245
Baltimore City (pt.),7,6,4,719,45,787
Baltimore City (pt.),3,6,5,1542,162,1734
Baltimore City (pt.),7,7,1,472,21,498
Baltimore City (pt.),7,7,2,166,11,179
Baltimore City (pt.),7,7,3,831,30,875
Baltimore City (pt.),7,7,4,759,34,797
Baltimore City (pt.),3,8,1,59,5,64
Baltimore City (pt.),7,8,2,721,35,762
Baltimore City (pt.),7,8,3,699,36,740
Baltimore City (pt.),7,8,4,157,10,170
Baltimore City (pt.),7,8,5,630,27,658
Baltimore City (pt.),7,8,6,941,26,981
Baltimore City (pt.),7,8,7,473,16,495
Baltimore City (pt.),3,8,8,591,76,683
Baltimore City (pt.),3,8,9,36,2,39
Baltimore City (pt.),7,8,10,1288,31,1335
Baltimore City (pt.),7,8,11,201,7,211
Baltimore City (pt.),7,9,1,338,10,354
Baltimore City (pt.),7,9,2,461,24,493
Baltimore City (pt.),7,9,3,730,27,763
Baltimore City (pt.),7,9,4,1805,80,1914
Baltimore City (pt.),7,9,5,1087,55,1158
Baltimore City (pt.),7,9,6,1200,46,1258
Baltimore City (pt.),7,9,7,854,24,891
Baltimore City (pt.),7,9,8,529,15,545
Baltimore City (pt.),7,9,9,399,22,427
Baltimore City (pt.),7,9,10,563,23,598
Baltimore City (pt.),7,9,11,108,1,112
Baltimore City (pt.),7,9,12,627,18,652
Baltimore City (pt.),7,9,13,186,10,197
Baltimore City (pt.),7,9,14,562,16,585
Baltimore City (pt.),7,9,15,687,30,724
Baltimore City (pt.),7,10,1,528,11,543
Baltimore City (pt.),7,10,2,484,15,507
Baltimore City (pt.),7,10,3,141,13,158
Baltimore City (pt.),7,10,4,251,3,260
Baltimore City (pt.),7,11,1,1056,57,1142
Baltimore City (pt.),7,11,2,248,17,269
Baltimore City (pt.),7,11,3,938,45,1002
Baltimore City (pt.),7,11,4,34,2,37
Baltimore City (pt.),7,11,5,840,36,884
Baltimore City (pt.),7,11,6,1346,95,1470
Baltimore City (pt.),7,11,7,915,50,995
Baltimore City (pt.),3,12,1,1692,195,1912
Baltimore City (pt.),7,12,2,150,31,185
Baltimore City (pt.),7,12,3,432,42,483
Baltimore City (pt.),7,12,4,647,47,704
Baltimore City (pt.),7,12,5,698,34,746
Baltimore City (pt.),7,12,6,530,32,576
Baltimore City (pt.),7,12,7,822,24,865
Baltimore City (pt.),7,12,8,857,45,935
Baltimore City (pt.),7,12,9,990,136,1148
Baltimore City (pt.),7,12,10,739,34,794
Baltimore City (pt.),7,12,11,462,19,495
Baltimore City (pt.),7,12,12,946,28,988
Baltimore City (pt.),7,12,13,,,
Baltimore City (pt.),3,13,1,900,72,983
Baltimore City (pt.),3,13,2,742,134,891
Baltimore City (pt.),3,13,3,1342,249,1623
Baltimore City (pt.),3,13,4,671,170,860
Baltimore City (pt.),3,13,5,542,92,650
Baltimore City (pt.),7,13,6,278,7,291
Baltimore City (pt.),7,13,7,559,13,578
Baltimore City (pt.),7,13,8,872,26,912
Baltimore City (pt.),7,13,9,597,14,622
Baltimore City (pt.),7,13,10,849,38,898
Baltimore City (pt.),7,13,11,1384,184,1605
Baltimore City (pt.),3,13,12,1079,125,1229
Baltimore City (pt.),7,13,13,74,9,83
Baltimore City (pt.),7,14,1,530,28,571
Baltimore City (pt.),7,14,2,509,23,542
Baltimore City (pt.),7,14,3,344,5,355
Baltimore City (pt.),7,14,4,1089,46,1151
Baltimore City (pt.),7,14,5,170,9,183
Baltimore City (pt.),7,15,1,759,36,805
Baltimore City (pt.),7,15,2,485,22,513
Baltimore City (pt.),7,15,3,1288,41,1340
Baltimore City (pt.),7,15,4,448,16,469
Baltimore City (pt.),7,15,5,774,26,812
Baltimore City (pt.),7,15,6,904,27,939
Baltimore City (pt.),7,15,7,732,20,759
Baltimore City (pt.),7,15,8,447,21,475
Baltimore City (pt.),7,15,9,1213,48,1280
Baltimore City (pt.),7,15,10,757,30,798
Baltimore City (pt.),7,15,11,606,20,635
Baltimore City (pt.),7,15,12,104,2,108
Baltimore City (pt.),7,15,13,319,8,330
Baltimore City (pt.),7,15,14,705,16,724
Baltimore City (pt.),7,15,15,310,8,321
Baltimore City (pt.),7,15,16,323,9,335
Baltimore City (pt.),7,15,17,629,14,648
Baltimore City (pt.),7,15,18,1017,38,1067
Baltimore City (pt.),7,15,19,28,3,31
Baltimore City (pt.),7,15,20,1009,24,1041
Baltimore City (pt.),7,15,21,555,14,571
Baltimore City (pt.),7,15,22,463,17,485
Baltimore City (pt.),7,15,23,711,27,744
Baltimore City (pt.),7,15,24,814,38,860
Baltimore City (pt.),7,15,25,275,19,298
Baltimore City (pt.),7,16,1,309,6,318
Baltimore City (pt.),7,16,2,464,12,484
Baltimore City (pt.),7,16,3,281,14,296
Baltimore City (pt.),7,16,4,179,10,190
Baltimore City (pt.),7,16,5,728,28,766
Baltimore City (pt.),7,16,6,750,11,766
Baltimore City (pt.),7,16,7,616,21,648
Baltimore City (pt.),7,16,8,397,8,409
Baltimore City (pt.),7,16,9,557,12,579
Baltimore City (pt.),7,16,10,359,5,366
Baltimore City (pt.),7,16,11,318,7,326
Baltimore City (pt.),7,16,12,673,23,704
Baltimore City (pt.),7,16,13,756,20,780
Baltimore City (pt.),7,16,14,1535,34,1580
Baltimore City (pt.),7,17,1,81,4,85
Baltimore City (pt.),7,17,2,1226,53,1303
Baltimore City (pt.),7,18,1,362,13,381
Baltimore City (pt.),7,18,2,694,72,774
Baltimore City (pt.),7,19,1,511,8,524
Baltimore City (pt.),7,19,2,636,85,740
Baltimore City (pt.),7,19,3,69,4,73
Baltimore City (pt.),7,20,1,607,17,628
Baltimore City (pt.),7,20,2,241,9,252
Baltimore City (pt.),7,20,3,670,22,704
Baltimore City (pt.),7,20,4,108,6,115
Baltimore City (pt.),7,20,5,443,8,454
Baltimore City (pt.),7,20,6,1476,28,1514
Baltimore City (pt.),7,20,7,955,51,1013
Baltimore City (pt.),7,20,8,294,23,325
Baltimore City (pt.),7,20,9,202,59,266
Baltimore City (pt.),7,20,10,146,29,178
Baltimore City (pt.),7,20,11,321,67,393
Baltimore City (pt.),7,20,12,,,
Baltimore City (pt.),3,21,1,505,49,568
Baltimore City (pt.),7,21,2,880,62,953
Baltimore City (pt.),3,21,3,759,126,898
Baltimore City (pt.),3,21,4,251,37,297
Baltimore City (pt.),3,21,5,,,
Baltimore City (pt.),7,22,1,786,154,949
Baltimore City (pt.),3,22,2,913,130,1062
Baltimore City (pt.),3,23,1,766,151,946
Baltimore City (pt.),3,23,2,650,96,760
Baltimore City (pt.),3,23,3,1033,315,1385
Baltimore City (pt.),3,24,1,411,110,532
Baltimore City (pt.),3,24,2,509,87,613
Baltimore City (pt.),3,24,3,1049,268,1345
Baltimore City (pt.),3,24,4,1425,375,1832
Baltimore City (pt.),3,24,5,2222,673,2959
Baltimore City (pt.),7,25,1,1576,114,1708
Baltimore City (pt.),7,25,2,996,58,1063
Baltimore City (pt.),3,25,3,606,392,1025
Baltimore City (pt.),3,25,4,609,470,1103
Baltimore City (pt.),2,25,5,739,134,888
Baltimore City (pt.),2,25,6,426,20,456
Baltimore City (pt.),2,25,7,172,18,193
Baltimore City (pt.),2,25,8,850,42,913
Baltimore City (pt.),2,25,9,508,7,525
Baltimore City (pt.),2,25,10,614,26,653
Baltimore City (pt.),2,25,11,143,110,258
Baltimore City (pt.),2,25,12,326,169,504
Baltimore City (pt.),2,25,13,194,98,297
Baltimore City (pt.),2,25,14,342,45,397
Baltimore City (pt.),2,25,15,386,89,484
Baltimore City (pt.),2,25,16,1663,304,1998
Baltimore City (pt.),7,25,17,154,39,196
Baltimore City (pt.),7,25,18,108,22,136
Baltimore City (pt.),2,26,1,63,64,133
Baltimore City (pt.),2,26,2,513,141,666
Baltimore City (pt.),2,26,3,337,293,634
Baltimore City (pt.),2,26,4,279,167,453
Baltimore City (pt.),3,26,5,159,94,258
Baltimore City (pt.),3,26,6,277,176,463
Baltimore City (pt.),3,26,7,641,200,862
Baltimore City (pt.),3,26,8,820,233,1085
Baltimore City (pt.),3,26,9,1568,517,2145
Baltimore City (pt.),3,26,10,897,224,1148
Baltimore City (pt.),3,26,11,292,94,396
Baltimore City (pt.),7,26,12,178,19,200
Baltimore City (pt.),3,26,13,160,194,360
Baltimore City (pt.),3,26,14,139,144,288
Baltimore City (pt.),2,26,15,826,35,867
Baltimore City (pt.),2,26,16,666,27,700
Baltimore City (pt.),3,26,17,282,13,296
Baltimore City (pt.),3,26,18,588,40,632
Baltimore City (pt.),7,26,19,716,28,755
Baltimore City (pt.),7,26,20,358,14,373
Baltimore City (pt.),3,26,21,452,14,471
Baltimore City (pt.),2,26,22,394,20,417
Baltimore City (pt.),2,26,23,600,27,635
Baltimore City (pt.),2,26,24,1135,46,1198
Baltimore City (pt.),2,26,25,714,39,763
Baltimore City (pt.),2,26,26,858,121,1002
Baltimore City (pt.),2,26,27,789,71,867
Baltimore City (pt.),2,26,28,679,37,722
Baltimore City (pt.),2,26,29,2225,135,2379
Baltimore City (pt.),2,26,30,496,72,578
Baltimore City (pt.),2,26,31,384,107,502
Baltimore City (pt.),2,26,32,884,40,928
Baltimore City (pt.),2,26,33,827,27,861
Baltimore City (pt.),2,27,1,1186,145,1353
Baltimore City (pt.),3,27,2,436,59,505
Baltimore City (pt.),3,27,3,402,50,456
Baltimore City (pt.),3,27,4,318,45,371
Baltimore City (pt.),3,27,5,1308,204,1532
Baltimore City (pt.),2,27,6,1664,158,1838
Baltimore City (pt.),2,27,7,637,54,693
Baltimore City (pt.),2,27,8,1290,214,1521
Baltimore City (pt.),3,27,9,781,162,961
Baltimore City (pt.),3,27,10,313,141,463
Baltimore City (pt.),3,27,11,1089,358,1483
Baltimore City (pt.),3,27,12,289,92,387
Baltimore City (pt.),3,27,13,1296,206,1527
Baltimore City (pt.),7,27,14,1355,265,1652
Baltimore City (pt.),7,27,15,1187,91,1288
Baltimore City (pt.),7,27,16,406,47,460
Baltimore City (pt.),7,27,17,710,68,792
Baltimore City (pt.),7,27,18,991,102,1109
Baltimore City (pt.),7,27,19,405,14,420
Baltimore City (pt.),3,27,20,1438,65,1512
Baltimore City (pt.),7,27,21,1471,45,1536
Baltimore City (pt.),7,27,22,1597,51,1657
Baltimore City (pt.),7,27,23,380,15,397
Baltimore City (pt.),7,27,24,343,7,353
Baltimore City (pt.),7,27,25,761,27,794
Baltimore City (pt.),7,27,26,523,15,543
Baltimore City (pt.),7,27,27,1008,22,1035
Baltimore City (pt.),7,27,28,721,23,751
Baltimore City (pt.),7,27,29,493,19,515
Baltimore City (pt.),7,27,30,811,25,843
Baltimore City (pt.),7,27,31,1349,48,1411
Baltimore City (pt.),3,27,32,1432,115,1570
Baltimore City (pt.),7,27,33,1447,70,1536
Baltimore City (pt.),7,27,34,706,25,739
Baltimore City (pt.),7,27,35,1406,54,1490
Baltimore City (pt.),7,27,36,412,19,434
Baltimore City (pt.),3,27,37,411,82,505
Baltimore City (pt.),3,27,38,769,68,853
Baltimore City (pt.),3,27,39,559,97,662
Baltimore City (pt.),3,27,40,971,206,1201
Baltimore City (pt.),3,27,41,1232,211,1480
Baltimore City (pt.),3,27,42,1140,165,1327
Baltimore City (pt.),3,27,43,555,96,661
Baltimore City (pt.),3,27,44,866,92,975
Baltimore City (pt.),3,27,45,1226,152,1394
Baltimore City (pt.),3,27,46,615,84,708
Baltimore City (pt.),3,27,47,680,137,829
Baltimore City (pt.),7,27,48,576,44,625
Baltimore City (pt.),3,27,49,1906,394,2326
Baltimore City (pt.),3,27,50,870,43,928
Baltimore City (pt.),7,27,51,129,10,139
Baltimore City (pt.),7,27,52,1296,37,1353
Baltimore City (pt.),7,27,53,688,15,709
Baltimore City (pt.),7,27,54,220,5,229
Baltimore City (pt.),7,27,55,300,6,306
Baltimore City (pt.),7,27,56,424,3,430
Baltimore City (pt.),7,27,57,950,24,980
Baltimore City (pt.),7,27,58,290,8,299
Baltimore City (pt.),7,27,59,461,23,489
Baltimore City (pt.),7,27,60,785,171,963
Baltimore City (pt.),7,27,61,392,78,473
Baltimore City (pt.),3,27,62,705,488,1206
Baltimore City (pt.),3,27,63,750,426,1198
Baltimore City (pt.),3,27,64,565,688,1278
Baltimore City (pt.),3,27,65,1022,987,2034
Baltimore City (pt.),3,27,66,635,993,1652
Baltimore City (pt.),3,27,67,871,358,1244
Baltimore City (pt.),7,28,1,729,33,769
Baltimore City (pt.),7,28,2,1205,41,1268
Baltimore City (pt.),7,28,3,245,7,254
Baltimore City (pt.),7,28,4,384,17,403
Baltimore City (pt.),7,28,5,929,32,973
Baltimore City (pt.),7,28,6,1353,48,1416
Baltimore City (pt.),7,28,7,675,23,705
Baltimore City (pt.),7,28,8,856,26,893
Baltimore City (pt.),7,28,9,1031,58,1104
Baltimore City (pt.),7,28,10,1285,75,1368
Baltimore City (pt.),7,28,11,1161,47,1220
Baltimore City (pt.),7,28,12,937,72,1023
Baltimore City (pt.),7,28,13,748,25,778
Baltimore City (pt.),7,28,14,271,18,295
Baltimore City (pt.),7,28,15,1011,122,1153
Baltimore (pt.),7,1,1,3487,375,3912
Baltimore (pt.),7,1,2,1119,122,1257
Baltimore (pt.),7,1,3,2002,446,2485
Baltimore (pt.),7,1,4,2312,534,2896
Baltimore (pt.),7,1,5,2205,465,2720
Baltimore (pt.),7,1,6,2479,175,2680
Baltimore (pt.),7,1,7,1171,323,1524
Baltimore (pt.),7,1,8,1990,872,2964
Baltimore (pt.),7,1,9,1307,488,1836
Baltimore (pt.),7,1,10,1553,711,2317
Baltimore (pt.),7,1,11,1204,819,2094
Baltimore (pt.),7,1,12,1802,1112,2993
Baltimore (pt.),7,1,13,1614,808,2475
Baltimore (pt.),7,1,14,1251,922,2210
Baltimore (pt.),7,1,15,1571,757,2385
Baltimore (pt.),7,1,16,1061,700,1772
Baltimore (pt.),7,1,17,2654,197,2869
Baltimore (pt.),7,2,1,1191,43,1240
Baltimore (pt.),7,2,2,2194,99,2319
Baltimore (pt.),7,2,3,320,30,353
Baltimore (pt.),7,2,4,1845,109,1976
Baltimore (pt.),7,2,5,1755,74,1836
Baltimore (pt.),7,2,6,2224,137,2386
Baltimore (pt.),2,2,7,1950,247,2228
Baltimore (pt.),2,2,8,2054,124,2191
Baltimore (pt.),7,2,9,1479,81,1575
Baltimore (pt.),2,2,10,2931,201,3157
Baltimore (pt.),7,2,11,2458,240,2724
Baltimore (pt.),2,2,12,3032,281,3349
Baltimore (pt.),2,2,13,2472,183,2681
Baltimore (pt.),2,2,14,3021,187,3234
Baltimore (pt.),2,2,15,3372,225,3629
Baltimore (pt.),2,2,16,1098,84,1202
Baltimore (pt.),2,2,17,2014,125,2156
Baltimore (pt.),7,2,18,977,117,1101
Baltimore (pt.),7,2,19,464,363,849
Baltimore (pt.),2,2,20,615,88,707
Baltimore (pt.),7,2,21,456,353,828
Baltimore (pt.),7,2,22,34,4,38
Baltimore (pt.),7,2,23,337,95,434
Baltimore (pt.),2,2,24,1884,137,2033
Baltimore (pt.),2,2,25,476,117,598
Baltimore (pt.),2,2,26,1542,205,1768
Baltimore (pt.),2,2,27,1728,133,1878
Baltimore (pt.),2,2,28,182,5,191
Baltimore (pt.),2,2,29,2044,226,2294
Baltimore (pt.),7,2,30,261,88,353
Baltimore (pt.),7,2,31,1459,131,1604
Baltimore (pt.),7,3,1,2602,172,2794
Baltimore (pt.),3,3,2,1671,360,2065
Baltimore (pt.),7,3,3,1746,108,1866
Baltimore (pt.),2,3,4,1117,204,1352
Baltimore (pt.),3,3,5,1825,422,2281
Baltimore (pt.),3,3,6,1489,721,2226
Baltimore (pt.),3,3,7,1390,1730,3150
Baltimore (pt.),3,3,8,1617,739,2386
Baltimore (pt.),3,3,9,1966,760,2763
Baltimore (pt.),3,3,10,2018,628,2685
Baltimore (pt.),3,3,11,1890,499,2419
Baltimore (pt.),3,3,12,1421,281,1727
Baltimore (pt.),3,3,13,1276,612,1919
Baltimore (pt.),3,3,14,657,392,1059
Baltimore (pt.),2,4,1,2018,449,2500
Baltimore (pt.),2,4,2,1950,472,2459
Baltimore (pt.),3,4,3,1840,783,2656
Baltimore (pt.),2,4,4,2278,798,3137
Baltimore (pt.),2,4,5,1200,575,1815
Baltimore (pt.),2,4,6,1304,567,1923
Baltimore (pt.),7,4,7,2428,1064,3556
Baltimore (pt.),2,4,8,1798,927,2795
Baltimore (pt.),7,4,9,709,778,1510
Baltimore (pt.),2,4,10,1101,391,1522
Baltimore (pt.),2,4,11,198,158,366
Baltimore (pt.),2,4,12,2994,702,3737
Baltimore (pt.),2,4,13,326,240,579
Baltimore (pt.),3,4,14,1657,239,1931
Baltimore (pt.),2,4,15,108,14,123
Baltimore (pt.),7,5,1,926,1405,2383
Baltimore (pt.),7,5,2,241,344,594
Baltimore (pt.),1,6,1,682,1159,1888
Baltimore (pt.),1,6,2,708,1181,1939
Baltimore (pt.),1,7,1,870,1638,2558
Baltimore (pt.),7,7,2,386,567,986
Baltimore (pt.),7,7,3,924,1216,2200
Baltimore (pt.),7,8,1,1265,1197,2514
Baltimore (pt.),2,8,2,863,961,1838
Baltimore (pt.),1,8,3,799,503,1340
Baltimore (pt.),2,8,4,1155,815,2012
Baltimore (pt.),2,8,5,380,402,796
Baltimore (pt.),2,8,6,2214,481,2749
Baltimore (pt.),2,8,7,1151,463,1655
Baltimore (pt.),2,8,8,1107,715,1862
Baltimore (pt.),7,8,9,1500,983,2525
Baltimore (pt.),7,8,10,1123,868,2019
Baltimore (pt.),2,8,11,735,463,1224
Baltimore (pt.),2,8,12,1103,791,1935
Baltimore (pt.),2,8,13,1185,898,2134
Baltimore (pt.),2,8,14,690,517,1244
Baltimore (pt.),2,8,15,854,564,1443
Baltimore (pt.),2,8,16,500,245,754
Baltimore (pt.),3,8,17,971,659,1656
Baltimore (pt.),2,8,18,467,338,822
Baltimore (pt.),7,8,19,1091,913,2031
Baltimore (pt.),2,8,20,592,445,1055
Baltimore (pt.),7,8,21,251,271,530
Baltimore (pt.),7,8,22,1003,695,1731
Baltimore (pt.),2,8,23,382,265,656
Baltimore (pt.),7,8,24,499,446,962
Baltimore (pt.),7,8,25,747,621,1403
Baltimore (pt.),7,8,26,7,5,13
Baltimore (pt.),7,8,27,626,553,1199
Baltimore (pt.),2,8,28,199,147,351
Baltimore (pt.),3,9,1,1571,645,2256
Baltimore (pt.),3,9,2,925,524,1467
Baltimore (pt.),2,9,3,2250,621,2933
Baltimore (pt.),3,9,4,1222,375,1627
Baltimore (pt.),3,9,5,2002,835,2912
Baltimore (pt.),2,9,6,734,216,972
Baltimore (pt.),2,9,7,1032,745,1829
Baltimore (pt.),1,9,8,794,595,1428
Baltimore (pt.),2,9,9,858,644,1529
Baltimore (pt.),2,9,10,2848,1019,3925
Baltimore (pt.),2,9,11,1437,438,1913
Baltimore (pt.),2,9,12,1009,354,1394
Baltimore (pt.),2,9,13,1574,484,2103
Baltimore (pt.),2,9,14,1639,298,1981
Baltimore (pt.),2,9,15,1506,345,1886
Baltimore (pt.),2,9,16,442,259,716
Baltimore (pt.),2,9,17,652,204,882
Baltimore (pt.),2,9,18,1008,439,1472
Baltimore (pt.),2,9,19,1095,407,1555
Baltimore (pt.),2,9,20,1570,119,1716
Baltimore (pt.),3,9,21,1388,939,2378
Baltimore (pt.),3,9,22,1328,934,2313
Baltimore (pt.),2,9,23,1191,792,2012
Baltimore (pt.),2,9,24,1539,1044,2660
Baltimore (pt.),2,9,25,977,666,1679
Baltimore (pt.),2,9,26,645,391,1061
Baltimore (pt.),2,9,27,11,9,20
Baltimore (pt.),2,9,28,1020,191,1230
Baltimore (pt.),2,9,29,68,3,72
Baltimore (pt.),7,10,1,1017,1205,2278
Baltimore (pt.),1,10,2,739,695,1453
Baltimore (pt.),7,10,3,593,710,1330
Baltimore (pt.),7,10,4,786,1025,1851
Baltimore (pt.),7,10,5,132,169,303
Baltimore (pt.),7,10,6,7,7,14
Baltimore (pt.),7,10,7,283,233,524
Baltimore (pt.),7,11,1,638,760,1436
Baltimore (pt.),7,11,2,864,1479,2390
Baltimore (pt.),1,11,3,912,2431,3403
Baltimore (pt.),1,11,4,983,1045,2060
Baltimore (pt.),1,11,5,889,1151,2088
Baltimore (pt.),1,11,6,564,967,1568
Baltimore (pt.),1,11,7,1500,1464,3023
Baltimore (pt.),2,11,8,671,785,1491
Baltimore (pt.),3,11,9,1016,730,1781
Baltimore (pt.),2,11,10,1295,884,2211
Baltimore (pt.),3,11,11,1331,1122,2507
Baltimore (pt.),1,11,12,1239,1334,2622
Baltimore (pt.),2,11,13,410,291,719
Baltimore (pt.),1,11,14,936,1147,2134
Baltimore (pt.),3,11,15,727,722,1462
Baltimore (pt.),3,11,16,796,301,1118
Baltimore (pt.),1,11,17,1183,1189,2423
Baltimore (pt.),1,11,18,235,274,521
Baltimore (pt.),2,11,19,1159,764,1954
Baltimore (pt.),1,11,20,18,37,56
Baltimore (pt.),3,11,21,286,165,464
Baltimore (pt.),1,11,22,1597,1588,3234
Baltimore (pt.),1,11,23,364,393,778
Baltimore (pt.),2,11,24,67,160,231
Baltimore (pt.),1,11,26,81,175,262
Baltimore (pt.),1,11,27,3,5,8
Baltimore (pt.),2,12,1,498,743,1269
Baltimore (pt.),2,12,2,628,772,1425
Baltimore (pt.),2,12,3,771,1107,1911
Baltimore (pt.),2,12,4,706,1549,2302
Baltimore (pt.),2,12,5,559,1059,1661
Baltimore (pt.),2,12,6,680,745,1457
Baltimore (pt.),2,12,7,922,1286,2246
Baltimore (pt.),2,12,8,484,871,1386
Baltimore (pt.),2,12,9,280,322,616
Baltimore (pt.),2,12,10,718,694,1454
Baltimore (pt.),2,12,11,939,933,1910
Baltimore (pt.),2,12,12,606,905,1546
Baltimore (pt.),2,12,13,790,53,854
Baltimore (pt.),7,13,1,923,613,1569
Baltimore (pt.),7,13,2,608,608,1244
Baltimore (pt.),3,13,3,943,1025,2011
Baltimore (pt.),3,13,4,1052,1111,2223
Baltimore (pt.),3,13,5,879,1120,2067
Baltimore (pt.),3,13,6,287,325,629
Baltimore (pt.),2,13,7,561,401,975
Baltimore (pt.),2,13,8,353,773,1155
Baltimore (pt.),3,13,9,1038,1099,2184
Baltimore (pt.),3,14,1,719,745,1496
Baltimore (pt.),3,14,2,1667,1122,2832
Baltimore (pt.),2,14,3,1469,799,2303
Baltimore (pt.),2,14,4,207,136,347
Baltimore (pt.),2,14,5,383,122,519
Baltimore (pt.),3,14,6,1158,1065,2292
Baltimore (pt.),2,14,7,999,658,1690
Baltimore (pt.),2,14,8,1568,489,2087
Baltimore (pt.),2,14,9,2037,629,2699
Baltimore (pt.),2,14,10,1018,699,1744
Baltimore (pt.),2,14,11,972,682,1681
Baltimore (pt.),3,14,12,719,670,1444
Baltimore (pt.),2,14,13,1113,501,1635
Baltimore (pt.),3,14,14,264,142,417
Baltimore (pt.),2,15,1,344,393,752
Baltimore (pt.),2,15,2,622,1006,1654
Baltimore (pt.),2,15,3,485,1035,1546
Baltimore (pt.),2,15,4,1193,694,1919
Baltimore (pt.),2,15,5,2492,1688,4245
Baltimore (pt.),2,15,6,451,1370,1851
Baltimore (pt.),2,15,7,829,919,1773
Baltimore (pt.),2,15,8,785,942,1761
Baltimore (pt.),2,15,9,296,531,843
Baltimore (pt.),2,15,10,767,679,1488
Baltimore (pt.),2,15,11,908,786,1720
Baltimore (pt.),2,15,12,379,855,1260
Baltimore (pt.),2,15,13,343,786,1145
Baltimore (pt.),2,15,14,182,386,590
Baltimore (pt.),2,15,15,492,816,1339
Baltimore (pt.),2,15,16,557,757,1332
Baltimore (pt.),2,15,17,1271,552,1860
Baltimore (pt.),2,15,18,702,922,1653
Baltimore (pt.),2,15,19,882,1798,2731
Baltimore (pt.),2,15,20,832,1757,2643
Baltimore (pt.),2,15,21,830,2083,2966
Baltimore (pt.),2,15,22,563,1793,2388
Baltimore (pt.),2,15,23,1509,312,1847
Baltimore (pt.),2,15,24,328,300,637
Baltimore (pt.),2,15,25,1412,1509,2963
Baltimore (pt.),2,15,26,340,1141,1499
Calvert,5,1,1,1201,1071,2312
Calvert,5,1,2,990,834,1870
Calvert,5,1,3,750,961,1753
Calvert,5,1,4,777,1156,1964
Calvert,5,1,5,982,1050,2085
Calvert,5,1,6,1010,985,2055
Calvert,5,1,7,970,1044,2070
Calvert,5,2,1,1130,1376,2545
Calvert,5,2,2,1024,1239,2300
Calvert,5,2,3,778,1247,2057
Calvert,5,2,4,1247,1126,2411
Calvert,5,2,5,1058,1345,2453
Calvert,5,2,6,811,992,1830
Calvert,5,2,7,678,1045,1746
Calvert,5,2,8,1086,1355,2475
Calvert,5,3,1,762,728,1512
Calvert,5,3,2,989,886,1919
Calvert,5,3,3,1163,1249,2445
Calvert,5,3,4,803,1019,1868
Calvert,5,3,5,1214,1130,2361
Calvert,5,3,6,810,1058,1906
Calvert,5,3,7,983,1364,2390
Calvert,5,3,8,1371,1086,2505
Caroline,1,1,1,205,803,1025
Caroline,1,2,1,764,1923,2747
Caroline,1,3,1,1407,2131,3621
Caroline,1,4,1,664,1392,2095
Caroline,1,5,1,754,1058,1866
Caroline,1,6,1,354,861,1238
Caroline,1,7,1,659,1250,1945
Caroline,1,8,1,288,865,1192
Carroll (pt.),1,1,1,815,2014,2906
Carroll (pt.),1,1,2,700,1387,2177
Carroll (pt.),8,2,1,393,783,1210
Carroll (pt.),1,2,2,402,964,1396
Carroll (pt.),1,3,1,868,2318,3266
Carroll (pt.),1,4,1,1735,3034,4908
Carroll (pt.),1,4,2,657,1353,2065
Carroll (pt.),1,4,3,1453,2566,4137
Carroll (pt.),8,5,1,1250,1232,2554
Carroll (pt.),8,5,2,1910,2104,4130
Carroll (pt.),8,5,3,981,1243,2300
Carroll (pt.),8,5,4,2942,3139,6238
Carroll (pt.),8,5,5,988,1102,2158
Carroll (pt.),8,5,6,211,178,398
Carroll (pt.),1,6,1,1269,3330,4708
Carroll (pt.),1,6,2,1095,2702,3889
Carroll (pt.),8,7,1,569,742,1347
Carroll (pt.),8,7,2,903,1547,2520
Carroll (pt.),8,7,3,1090,1131,2292
Carroll (pt.),8,7,4,2174,2781,5093
Carroll (pt.),8,7,5,330,330,675
Carroll (pt.),8,7,6,827,1140,2017
Carroll (pt.),8,7,7,1821,2253,4198
Carroll (pt.),8,7,8,485,991,1512
Carroll (pt.),1,8,1,1114,2567,3777
Carroll (pt.),1,8,2,831,1815,2735
Carroll (pt.),1,8,3,729,1164,1960
Carroll (pt.),8,9,1,1009,2106,3188
Carroll (pt.),8,9,2,473,1066,1562
Carroll (pt.),1,10,1,146,591,752
Carroll (pt.),8,11,1,710,1534,2311
Carroll (pt.),8,12,1,216,525,766
Carroll (pt.),8,13,1,2550,3622,6348
Carroll (pt.),8,14,1,897,1436,2417
Carroll (pt.),8,14,2,1655,2909,4699
Carroll (pt.),8,14,3,258,519,799
Cecil,1,1,1,982,1604,2639
Cecil,1,2,1,539,936,1505
Cecil,1,2,2,531,910,1471
Cecil,1,3,1,1395,1378,2839
Cecil,1,3,2,354,762,1143
Cecil,1,3,3,999,1240,2287
Cecil,1,3,4,112,288,409
Cecil,1,3,5,372,339,728
Cecil,1,3,6,481,1018,1533
Cecil,1,3,7,724,629,1383
Cecil,1,4,1,1226,1718,3004
Cecil,1,4,2,800,541,1375
Cecil,1,5,1,561,1118,1719
Cecil,1,5,2,753,1103,1908
Cecil,1,5,3,1224,2282,3601
Cecil,1,5,4,558,618,1213
Cecil,1,5,5,835,1911,2815
Cecil,1,5,6,234,302,549
Cecil,1,6,1,606,1841,2491
Cecil,1,6,2,507,1699,2247
Cecil,1,6,3,139,435,584
Cecil,1,7,1,571,1469,2064
Cecil,1,7,2,958,1331,2331
Cecil,1,7,3,205,341,565
Cecil,1,7,4,72,207,288
Cecil,1,8,1,371,1459,1864
Cecil,1,9,1,375,1115,1517
Cecil,1,9,2,325,845,1201
Charles,5,1,1,1871,1064,2991
Charles,5,1,2,963,1218,2220
Charles,5,1,3,1447,1066,2569
Charles,5,1,4,866,996,1914
Charles,5,2,1,492,681,1203
Charles,5,3,1,767,842,1635
Charles,5,4,1,526,1210,1773
Charles,5,4,2,474,948,1444
Charles,5,5,1,913,1484,2438
Charles,5,6,1,943,841,1820
Charles,5,6,2,2195,953,3191
Charles,5,6,3,1920,310,2249
Charles,5,6,4,2481,375,2897
Charles,5,6,5,2764,289,3086
Charles,5,6,6,1656,580,2279
Charles,5,6,7,1894,364,2292
Charles,5,6,8,1118,215,1354
Charles,5,6,9,1517,209,1756
Charles,5,6,10,2745,324,3098
Charles,5,6,11,1528,305,1850
Charles,5,6,12,821,204,1038
Charles,5,6,13,2368,531,2941
Charles,5,6,14,2883,637,3572
Charles,5,6,15,1422,186,1625
Charles,5,6,16,1078,239,1341
Charles,5,6,17,974,237,1220
Charles,5,6,18,2786,239,3044
Charles,5,6,19,1543,462,2040
Charles,5,6,20,828,239,1085
Charles,5,6,21,1110,223,1354
Charles,5,6,22,1461,164,1654
Charles,5,7,1,403,462,880
Charles,5,7,2,1402,341,1784
Charles,5,7,3,1804,568,2398
Charles,5,7,4,2013,373,2410
Charles,5,8,1,1443,1522,3008
Charles,5,8,2,1091,575,1695
Charles,5,8,3,962,351,1330
Charles,5,8,4,3144,979,4169
Charles,5,8,5,181,218,404
Charles,5,9,1,1229,785,2038
Charles,5,9,2,873,1019,1922
Charles,5,10,1,1272,751,2052
Dorchester,1,1,1,194,660,864
Dorchester,1,2,1,208,735,958
Dorchester,1,2,2,83,64,153
Dorchester,1,2,3,17,86,104
Dorchester,1,2,4,50,124,177
Dorchester,1,3,1,55,120,177
Dorchester,1,3,2,121,126,256
Dorchester,1,4,1,37,92,132
Dorchester,1,5,1,20,115,138
Dorchester,1,6,1,37,197,237
Dorchester,1,7,1,277,329,623
Dorchester,1,7,2,1483,240,1763
Dorchester,1,7,3,136,331,472
Dorchester,1,7,4,244,167,418
Dorchester,1,7,5,102,29,133
Dorchester,1,7,6,889,1004,1934
Dorchester,1,7,7,188,54,248
Dorchester,1,7,8,14,30,44
Dorchester,1,7,9,435,311,766
Dorchester,1,7,10,136,54,194
Dorchester,1,7,11,13,32,45
Dorchester,1,8,1,188,357,553
Dorchester,1,9,1,115,293,421
Dorchester,1,10,1,35,108,143
Dorchester,1,11,1,8,32,40
Dorchester,1,12,1,68,140,212
Dorchester,1,12,2,161,105,271
Dorchester,1,13,1,18,136,154
Dorchester,1,13,2,61,42,104
Dorchester,1,14,1,227,646,887
Dorchester,1,14,2,24,27,51
Dorchester,1,14,3,154,420,578
Dorchester,1,14,4,,,
Dorchester,1,15,1,374,902,1314
Dorchester,1,15,2,25,50,76
Dorchester,1,15,3,511,264,789
Dorchester,1,16,1,94,232,333
Dorchester,1,17,1,37,77,120
Dorchester,1,17,2,6,10,17
Dorchester,1,18,1,12,23,35
Frederick (pt.),6,1,1,1417,1186,2657
Frederick (pt.),6,1,2,2313,978,3351
Frederick (pt.),6,1,3,756,650,1452
Frederick (pt.),6,2,1,1576,545,2191
Frederick (pt.),6,2,2,651,238,921
Frederick (pt.),6,2,3,1673,606,2333
Frederick (pt.),6,2,4,2190,851,3123
Frederick (pt.),6,2,5,2363,826,3262
Frederick (pt.),6,2,6,1363,756,2165
Frederick (pt.),6,2,7,2024,880,2975
Frederick (pt.),6,2,8,2175,970,3217
Frederick (pt.),6,2,10,2239,1078,3376
Frederick (pt.),6,2,11,1398,525,1969
Frederick (pt.),6,2,13,1758,582,2404
Frederick (pt.),6,2,14,1187,533,1760
Frederick (pt.),6,2,15,2415,1318,3776
Frederick (pt.),6,2,16,1122,414,1576
Frederick (pt.),6,2,17,1041,271,1346
Frederick (pt.),6,2,18,960,465,1453
Frederick (pt.),8,3,1,833,917,1790
Frederick (pt.),8,3,2,1357,1568,2988
Frederick (pt.),8,3,3,927,915,1885
Frederick (pt.),8,4,1,180,471,666
Frederick (pt.),8,5,1,852,1829,2738
Frederick (pt.),8,6,1,345,950,1319
Frederick (pt.),6,7,1,1065,831,1950
Frederick (pt.),6,7,2,2615,1312,3992
Frederick (pt.),6,7,3,1181,991,2206
Frederick (pt.),6,7,4,1424,797,2252
Frederick (pt.),8,7,5,31,45,78
Frederick (pt.),8,7,6,,,
Frederick (pt.),6,7,7,309,252,572
Frederick (pt.),8,8,1,492,959,1472
Frederick (pt.),8,9,1,1246,1280,2583
Frederick (pt.),8,9,2,1872,1827,3767
Frederick (pt.),8,9,3,243,266,523
Frederick (pt.),8,9,4,1278,1659,3022
Frederick (pt.),8,9,5,639,574,1232
Frederick (pt.),8,9,6,1621,1210,2890
Frederick (pt.),8,9,7,2203,1953,4240
Frederick (pt.),8,9,8,561,418,1005
Frederick (pt.),8,9,9,762,540,1334
Frederick (pt.),8,10,1,284,940,1259
Frederick (pt.),8,11,1,577,1233,1844
Frederick (pt.),6,12,1,1219,1216,2507
Frederick (pt.),8,12,2,1,2,3
Frederick (pt.),8,13,1,1923,1644,3655
Frederick (pt.),8,13,2,34,72,106
Frederick (pt.),6,13,3,254,209,483
Frederick (pt.),6,14,1,1308,1544,2906
Frederick (pt.),8,14,2,129,260,397
Frederick (pt.),8,15,1,700,1503,2259
Frederick (pt.),8,15,2,812,1790,2668
Frederick (pt.),8,16,1,1052,1548,2666
Frederick (pt.),8,17,1,357,877,1252
Frederick (pt.),8,18,1,1124,1313,2520
Frederick (pt.),8,18,2,709,1371,2119
Frederick (pt.),8,18,3,556,658,1237
Frederick (pt.),8,19,1,300,759,1095
Frederick (pt.),8,20,1,594,1199,1847
Frederick (pt.),6,20,2,,,
Frederick (pt.),8,21,1,597,770,1392
Frederick (pt.),6,21,2,1018,462,1510
Frederick (pt.),8,21,3,732,430,1184
Frederick (pt.),6,21,4,1637,860,2561
Frederick (pt.),6,21,5,,,
Frederick (pt.),6,21,6,,,
Frederick (pt.),8,21,7,305,297,618
Frederick (pt.),6,21,8,8,9,18
Frederick (pt.),8,22,1,402,547,966
Frederick (pt.),6,22,2,2,,2
Frederick (pt.),8,23,1,2365,1515,3963
Frederick (pt.),6,23,2,25,8,33
Frederick (pt.),6,23,3,,,
Frederick (pt.),6,23,4,,,
Frederick (pt.),8,24,1,741,750,1526
Frederick (pt.),8,24,2,418,349,782
Frederick (pt.),8,24,3,289,201,503
Frederick (pt.),6,24,4,2,4,6
Frederick (pt.),6,24,5,470,273,752
Frederick (pt.),8,24,6,10,14,27
Frederick (pt.),6,25,1,1387,1231,2692
Frederick (pt.),8,26,1,1502,1432,3001
Frederick (pt.),8,26,2,1175,1156,2398
Garrett,6,1,0,290,774,1090
Garrett,6,2,0,187,743,945
Garrett,6,3,1,211,1067,1314
Garrett,6,3,2,71,320,396
Garrett,6,4,0,41,331,373
Garrett,6,5,0,231,830,1072
Garrett,6,6,0,357,843,1225
Garrett,6,7,0,335,867,1229
Garrett,6,8,1,56,352,413
Garrett,6,8,2,60,379,444
Garrett,6,9,0,130,555,698
Garrett,6,10,0,262,821,1109
Garrett,6,11,0,14,67,82
Garrett,6,12,0,71,369,446
Garrett,6,13,0,44,240,288
Garrett,6,14,1,413,1235,1681
Garrett,6,14,2,109,585,708
Garrett,6,15,0,67,264,337
Garrett,6,16,0,332,1358,1727
Garrett,6,Unassigned,,0,2,2
Harford (pt.),2,1,1,1685,660,2386
Harford (pt.),1,1,2,803,1063,1904
Harford (pt.),2,1,3,711,484,1213
Harford (pt.),2,1,4,1037,911,1990
Harford (pt.),2,1,5,1028,662,1728
Harford (pt.),2,1,6,1428,411,1874
Harford (pt.),1,1,7,412,935,1374
Harford (pt.),1,1,8,1490,1520,3076
Harford (pt.),1,1,9,871,998,1924
Harford (pt.),2,1,10,1639,1208,2908
Harford (pt.),1,1,11,883,1265,2212
Harford (pt.),1,1,12,1168,1356,2573
Harford (pt.),2,1,13,712,508,1244
Harford (pt.),1,1,14,1442,1847,3367
Harford (pt.),2,1,15,1152,1026,2244
Harford (pt.),2,1,16,1309,880,2247
Harford (pt.),1,1,17,106,251,367
Harford (pt.),2,1,18,839,773,1646
Harford (pt.),2,1,19,1473,652,2170
Harford (pt.),2,1,20,1845,895,2795
Harford (pt.),1,1,21,307,364,681
Harford (pt.),1,1,22,86,74,169
Harford (pt.),2,1,23,123,167,294
Harford (pt.),2,1,24,220,203,429
Harford (pt.),1,1,25,12,8,20
Harford (pt.),2,1,26,555,581,1165
Harford (pt.),1,1,27,605,682,1306
Harford (pt.),2,1,41,796,606,1427
Harford (pt.),2,1,45,753,1169,1972
Harford (pt.),1,2,1,630,311,962
Harford (pt.),1,2,2,935,1776,2764
Harford (pt.),2,2,3,574,574,1172
Harford (pt.),1,2,4,37,93,138
Harford (pt.),1,2,5,25,88,120
Harford (pt.),2,2,6,,,
Harford (pt.),2,2,7,112,64,178
Harford (pt.),2,2,10,1180,698,1927
Harford (pt.),2,2,11,1118,933,2097
Harford (pt.),2,2,14,752,447,1242
Harford (pt.),2,2,15,937,590,1562
Harford (pt.),2,2,19,385,198,592
Harford (pt.),1,2,20,4,36,40
Harford (pt.),1,2,21,30,49,80
Harford (pt.),1,2,22,7,23,35
Harford (pt.),1,3,2,755,1389,2184
Harford (pt.),1,3,3,922,2201,3196
Harford (pt.),1,3,4,366,1003,1395
Harford (pt.),1,3,5,823,2067,2966
Harford (pt.),1,3,6,840,1718,2611
Harford (pt.),1,3,7,906,1673,2630
Harford (pt.),1,3,8,941,1574,2564
Harford (pt.),1,3,9,1067,1693,2818
Harford (pt.),1,3,10,1049,1294,2399
Harford (pt.),1,3,11,631,881,1567
Harford (pt.),1,3,12,793,938,1782
Harford (pt.),1,3,13,984,1532,2567
Harford (pt.),1,3,14,895,1367,2301
Harford (pt.),1,3,15,835,1125,2003
Harford (pt.),1,3,16,870,1131,2040
Harford (pt.),1,3,17,873,1180,2093
Harford (pt.),1,3,18,892,963,1900
Harford (pt.),1,3,19,857,1381,2295
Harford (pt.),1,3,20,672,1408,2123
Harford (pt.),1,3,21,1076,1364,2502
Harford (pt.),1,3,22,1073,1674,2813
Harford (pt.),1,3,23,1065,1481,2594
Harford (pt.),1,3,24,622,1318,1983
Harford (pt.),1,3,25,,,
Harford (pt.),1,3,26,192,513,721
Harford (pt.),1,3,27,108,158,274
Harford (pt.),1,4,1,480,1023,1535
Harford (pt.),1,4,2,741,1520,2313
Harford (pt.),1,4,3,527,1691,2275
Harford (pt.),1,4,4,572,1751,2360
Harford (pt.),1,4,5,954,1923,2942
Harford (pt.),1,4,6,486,1241,1753
Harford (pt.),1,4,7,343,852,1230
Harford (pt.),1,4,8,,,
Harford (pt.),1,5,1,401,1639,2082
Harford (pt.),1,5,2,477,1481,1998
Harford (pt.),1,5,3,454,1719,2215
Harford (pt.),1,5,4,355,820,1195
Harford (pt.),2,6,1,863,584,1484
Harford (pt.),2,6,2,991,943,1974
Harford (pt.),2,6,3,745,716,1490
Harford (pt.),1,6,4,54,83,138
Harford (pt.),2,6,5,247,79,329
Harford (pt.),2,6,6,1981,1622,3687
Harford (pt.),2,6,7,101,178,286
Howard (pt.),3,1,1,1253,694,1990
Howard (pt.),3,1,2,274,220,505
Howard (pt.),2,1,3,1297,396,1730
Howard (pt.),7,1,4,1739,856,2640
Howard (pt.),7,1,5,412,163,588
Howard (pt.),2,1,6,829,372,1229
Howard (pt.),3,1,7,552,197,766
Howard (pt.),3,1,8,919,527,1482
Howard (pt.),2,1,9,1046,358,1429
Howard (pt.),7,1,10,955,340,1326
Howard (pt.),7,1,11,603,296,914
Howard (pt.),3,1,12,536,244,799
Howard (pt.),2,1,13,740,476,1247
Howard (pt.),3,1,14,1018,526,1576
Howard (pt.),2,1,15,2752,612,3430
Howard (pt.),2,1,16,311,217,541
Howard (pt.),3,1,17,524,125,660
Howard (pt.),3,1,18,169,120,298
Howard (pt.),7,1,19,77,36,116
Howard (pt.),7,1,20,253,193,454
Howard (pt.),2,1,21,1572,333,1939
Howard (pt.),7,2,1,1339,496,1865
Howard (pt.),7,2,2,1673,719,2435
Howard (pt.),7,2,3,1611,762,2417
Howard (pt.),7,2,4,1115,327,1473
Howard (pt.),7,2,5,935,356,1315
Howard (pt.),7,2,6,862,392,1278
Howard (pt.),7,2,7,962,544,1536
Howard (pt.),7,2,8,1482,699,2219
Howard (pt.),7,2,9,1553,540,2122
Howard (pt.),7,2,10,877,318,1214
Howard (pt.),7,2,11,1344,694,2065
Howard (pt.),7,2,12,1573,749,2369
Howard (pt.),7,2,13,624,201,842
Howard (pt.),7,2,14,703,128,839
Howard (pt.),7,2,15,1243,555,1834
Howard (pt.),7,2,16,1603,665,2313
Howard (pt.),7,2,17,301,95,402
Howard (pt.),7,2,18,1228,573,1846
Howard (pt.),7,2,19,864,442,1340
Howard (pt.),7,2,20,618,201,833
Howard (pt.),7,2,21,212,90,311
Howard (pt.),7,2,22,36,9,45
Howard (pt.),7,2,23,847,219,1087
Howard (pt.),7,2,24,784,393,1196
Howard (pt.),7,2,25,887,374,1294
Howard (pt.),7,2,26,1054,459,1547
Howard (pt.),7,3,1,811,597,1432
Howard (pt.),7,3,2,1500,1326,2882
Howard (pt.),7,3,3,1245,744,2018
Howard (pt.),7,3,4,140,64,206
Howard (pt.),7,3,5,2084,1341,3480
Howard (pt.),7,3,6,901,684,1626
Howard (pt.),7,4,1,527,652,1204
Howard (pt.),7,4,2,788,672,1497
Howard (pt.),7,4,3,721,901,1661
Howard (pt.),7,4,4,949,1096,2080
Howard (pt.),7,4,5,561,802,1391
Howard (pt.),7,4,6,1028,969,2039
Howard (pt.),7,5,1,1929,1023,3001
Howard (pt.),7,5,2,579,117,706
Howard (pt.),7,5,3,1909,278,2229
Howard (pt.),7,5,4,2129,394,2568
Howard (pt.),3,5,5,1700,734,2476
Howard (pt.),3,5,6,2761,1050,3895
Howard (pt.),7,5,7,1157,218,1409
Howard (pt.),7,5,8,1318,204,1555
Howard (pt.),7,5,9,1194,248,1466
Howard (pt.),3,5,10,1832,620,2500
Howard (pt.),7,5,11,728,433,1182
Howard (pt.),7,5,12,1184,219,1432
Howard (pt.),7,5,13,682,176,875
Howard (pt.),7,5,14,564,181,765
Howard (pt.),7,5,15,1794,360,2204
Howard (pt.),7,5,16,1230,249,1514
Howard (pt.),7,5,17,1085,290,1398
Howard (pt.),7,5,18,896,159,1066
Howard (pt.),7,5,19,1309,838,2178
Howard (pt.),3,5,20,1188,663,1880
Howard (pt.),7,5,21,1474,220,1725
Howard (pt.),3,5,22,2192,627,2874
Howard (pt.),7,5,23,1116,190,1326
Howard (pt.),7,5,24,537,280,833
Howard (pt.),2,6,1,1005,402,1448
Howard (pt.),2,6,2,1775,395,2214
Howard (pt.),3,6,3,783,308,1133
Howard (pt.),3,6,4,1331,473,1852
Howard (pt.),3,6,5,960,264,1251
Howard (pt.),7,6,6,792,166,985
Howard (pt.),2,6,7,868,300,1190
Howard (pt.),3,6,8,947,153,1119
Howard (pt.),7,6,9,1201,188,1423
Howard (pt.),7,6,10,1122,252,1407
Howard (pt.),3,6,11,1202,264,1506
Howard (pt.),3,6,12,505,110,629
Howard (pt.),3,6,13,896,256,1179
Howard (pt.),7,6,14,1100,202,1331
Howard (pt.),3,6,15,1080,297,1406
Howard (pt.),3,6,16,1527,293,1844
Howard (pt.),3,6,17,1361,245,1635
Howard (pt.),3,6,18,1024,255,1303
Howard (pt.),3,6,19,1509,245,1777
Howard (pt.),3,6,20,1261,261,1555
Howard (pt.),3,6,21,752,163,931
Howard (pt.),3,6,22,1135,181,1339
Howard (pt.),3,6,23,522,158,689
Howard (pt.),3,6,24,1379,414,1825
Howard (pt.),3,6,25,509,199,723
Howard (pt.),3,6,26,1617,334,1996
Howard (pt.),2,6,27,1373,316,1718
Howard (pt.),3,6,28,1671,703,2415
Howard (pt.),3,6,29,2758,660,3469
Howard (pt.),2,6,30,783,196,989
Howard (pt.),3,6,31,903,147,1068
Howard (pt.),3,6,32,935,483,1451
Howard (pt.),2,6,33,1090,336,1471
Howard (pt.),3,6,34,1060,244,1322
Howard (pt.),2,6,35,2794,607,3462
Kent,1,1,1,324,499,841
Kent,1,1,2,451,739,1216
Kent,1,2,1,384,630,1035
Kent,1,3,1,554,623,1204
Kent,1,3,2,212,165,386
Kent,1,4,1,1107,509,1645
Kent,1,4,2,732,355,1118
Kent,1,5,1,607,804,1435
Kent,1,6,1,449,526,995
Kent,1,7,1,509,345,865
Montgomery (pt.),8,1,1,1132,863,2025
Montgomery (pt.),6,1,2,1318,754,2105
Montgomery (pt.),6,1,3,2428,633,3114
Montgomery (pt.),6,1,4,1149,366,1559
Montgomery (pt.),6,1,5,1510,810,2346
Montgomery (pt.),6,1,6,1004,387,1419
Montgomery (pt.),3,1,7,227,141,373
Montgomery (pt.),6,2,1,2987,840,3905
Montgomery (pt.),6,2,2,2515,663,3243
Montgomery (pt.),6,2,3,2384,518,2965
Montgomery (pt.),6,2,4,2777,695,3553
Montgomery (pt.),6,2,5,2061,560,2681
Montgomery (pt.),6,2,6,3223,1017,4297
Montgomery (pt.),8,2,7,50,23,74
Montgomery (pt.),6,2,8,3129,1148,4337
Montgomery (pt.),6,2,9,249,192,448
Montgomery (pt.),6,2,10,1133,300,1460
Montgomery (pt.),6,2,11,2245,732,3015
Montgomery (pt.),6,3,1,1497,875,2420
Montgomery (pt.),6,3,2,1217,738,1986
Montgomery (pt.),8,4,1,2249,501,2807
Montgomery (pt.),8,4,2,2134,395,2585
Montgomery (pt.),8,4,3,3060,595,3717
Montgomery (pt.),8,4,4,1554,232,1819
Montgomery (pt.),8,4,5,1692,493,2226
Montgomery (pt.),8,4,6,1447,407,1894
Montgomery (pt.),8,4,7,1482,396,1914
Montgomery (pt.),8,4,8,3078,492,3615
Montgomery (pt.),8,4,9,1007,224,1260
Montgomery (pt.),8,4,10,1787,401,2210
Montgomery (pt.),8,4,11,469,147,621
Montgomery (pt.),6,4,12,2219,616,2876
Montgomery (pt.),8,4,13,1517,293,1834
Montgomery (pt.),8,4,14,2521,475,3049
Montgomery (pt.),8,4,15,908,218,1147
Montgomery (pt.),8,4,16,2607,749,3413
Montgomery (pt.),8,4,17,2212,427,2676
Montgomery (pt.),8,4,18,2054,494,2577
Montgomery (pt.),6,4,19,1136,355,1512
Montgomery (pt.),6,4,20,2537,755,3327
Montgomery (pt.),8,4,21,1806,408,2241
Montgomery (pt.),6,4,23,162,66,228
Montgomery (pt.),8,4,24,1669,497,2195
Montgomery (pt.),8,4,25,1102,317,1433
Montgomery (pt.),8,4,26,1226,361,1615
Montgomery (pt.),8,4,27,344,56,411
Montgomery (pt.),8,4,28,852,149,1019
Montgomery (pt.),8,4,29,791,260,1061
Montgomery (pt.),8,4,30,1862,400,2300
Montgomery (pt.),8,4,31,2028,380,2452
Montgomery (pt.),6,4,32,904,242,1157
Montgomery (pt.),8,4,33,383,43,436
Montgomery (pt.),6,4,34,1058,400,1485
Montgomery (pt.),6,4,35,207,79,288
Montgomery (pt.),8,4,36,,,
Montgomery (pt.),8,4,37,174,17,195
Montgomery (pt.),8,4,38,48,15,63
Montgomery (pt.),8,4,40,122,6,133
Montgomery (pt.),8,4,41,,,
Montgomery (pt.),6,4,42,7,1,8
Montgomery (pt.),8,4,43,15,4,20
Montgomery (pt.),8,5,1,2156,556,2771
Montgomery (pt.),3,5,2,2134,239,2410
Montgomery (pt.),3,5,3,2580,474,3099
Montgomery (pt.),3,5,4,1234,182,1430
Montgomery (pt.),8,5,5,1825,329,2196
Montgomery (pt.),3,5,6,2544,470,3071
Montgomery (pt.),8,5,8,2090,399,2529
Montgomery (pt.),8,5,9,2491,595,3130
Montgomery (pt.),3,5,10,1307,210,1541
Montgomery (pt.),8,5,11,1651,323,2000
Montgomery (pt.),3,5,12,3060,588,3715
Montgomery (pt.),3,5,13,2479,242,2768
Montgomery (pt.),8,5,14,944,269,1241
Montgomery (pt.),3,5,15,2084,711,2852
Montgomery (pt.),8,5,16,2184,468,2685
Montgomery (pt.),3,5,17,2348,460,2859
Montgomery (pt.),3,5,18,930,431,1386
Montgomery (pt.),3,5,19,1990,609,2649
Montgomery (pt.),3,5,21,2353,243,2646
Montgomery (pt.),8,5,22,987,231,1237
Montgomery (pt.),3,5,23,3474,530,4078
Montgomery (pt.),6,6,1,1278,574,1879
Montgomery (pt.),6,6,2,2043,779,2862
Montgomery (pt.),6,6,3,1494,466,2005
Montgomery (pt.),6,6,4,1517,350,1911
Montgomery (pt.),6,6,5,2300,739,3083
Montgomery (pt.),6,6,6,1746,562,2343
Montgomery (pt.),6,6,7,2455,766,3297
Montgomery (pt.),6,6,8,1303,336,1661
Montgomery (pt.),6,6,9,1638,793,2475
Montgomery (pt.),6,6,10,1963,501,2517
Montgomery (pt.),6,6,11,50,12,62
Montgomery (pt.),6,6,13,1175,340,1526
Montgomery (pt.),8,6,14,820,229,1075
Montgomery (pt.),6,6,15,2444,816,3328
Montgomery (pt.),6,6,16,,,
Montgomery (pt.),8,7,1,1141,176,1342
Montgomery (pt.),8,7,2,1520,245,1785
Montgomery (pt.),8,7,3,2188,313,2532
Montgomery (pt.),8,7,4,3284,484,3811
Montgomery (pt.),8,7,5,1639,209,1883
Montgomery (pt.),8,7,6,1800,238,2058
Montgomery (pt.),8,7,7,1538,145,1697
Montgomery (pt.),8,7,8,2792,371,3199
Montgomery (pt.),8,7,9,1792,268,2078
Montgomery (pt.),8,7,10,2144,351,2528
Montgomery (pt.),8,7,11,2407,274,2703
Montgomery (pt.),8,7,12,2151,264,2442
Montgomery (pt.),8,7,13,2145,408,2593
Montgomery (pt.),8,7,15,2453,525,3003
Montgomery (pt.),8,7,16,1466,222,1716
Montgomery (pt.),8,7,18,1954,217,2197
Montgomery (pt.),8,7,19,3015,504,3565
Montgomery (pt.),8,7,20,1590,356,1973
Montgomery (pt.),8,7,21,923,147,1086
Montgomery (pt.),8,7,22,1658,243,1918
Montgomery (pt.),8,7,23,2850,564,3457
Montgomery (pt.),8,7,24,1778,335,2135
Montgomery (pt.),8,7,25,1811,346,2189
Montgomery (pt.),8,7,26,2684,387,3103
Montgomery (pt.),8,7,27,1304,206,1536
Montgomery (pt.),8,7,28,1283,256,1554
Montgomery (pt.),8,7,31,680,131,820
Montgomery (pt.),8,7,32,957,266,1232
Montgomery (pt.),3,8,1,2164,793,3010
Montgomery (pt.),3,8,2,2362,909,3323
Montgomery (pt.),6,8,3,1732,637,2412
Montgomery (pt.),8,8,4,770,342,1132
Montgomery (pt.),3,8,5,1383,781,2199
Montgomery (pt.),3,8,6,2489,996,3557
Montgomery (pt.),3,8,7,2135,898,3083
Montgomery (pt.),8,8,8,1847,780,2680
Montgomery (pt.),3,8,9,2025,746,2827
Montgomery (pt.),3,8,10,1292,390,1709
Montgomery (pt.),3,8,11,1694,443,2166
Montgomery (pt.),3,8,12,1781,654,2475
Montgomery (pt.),8,8,14,24,6,31
Montgomery (pt.),8,8,15,440,105,551
Montgomery (pt.),6,9,1,2232,537,2816
Montgomery (pt.),6,9,2,2601,716,3399
Montgomery (pt.),6,9,3,1221,342,1592
Montgomery (pt.),6,9,4,1555,471,2070
Montgomery (pt.),6,9,5,1608,454,2103
Montgomery (pt.),6,9,6,2154,563,2771
Montgomery (pt.),6,9,7,1862,387,2311
Montgomery (pt.),6,9,8,2222,472,2755
Montgomery (pt.),6,9,9,2480,531,3069
Montgomery (pt.),6,9,10,497,136,655
Montgomery (pt.),6,9,11,1481,414,1935
Montgomery (pt.),6,9,12,1665,445,2157
Montgomery (pt.),6,9,13,2072,585,2710
Montgomery (pt.),6,9,14,1709,475,2232
Montgomery (pt.),6,9,15,1638,367,2069
Montgomery (pt.),6,9,16,1282,303,1635
Montgomery (pt.),6,9,18,1510,376,1932
Montgomery (pt.),6,9,20,1267,363,1658
Montgomery (pt.),6,9,21,1314,443,1801
Montgomery (pt.),6,9,22,2058,535,2658
Montgomery (pt.),6,9,24,1270,328,1631
Montgomery (pt.),6,9,25,1320,467,1825
Montgomery (pt.),6,9,26,1659,390,2097
Montgomery (pt.),6,9,27,2407,576,3041
Montgomery (pt.),6,9,28,765,150,922
Montgomery (pt.),6,9,29,1493,349,1887
Montgomery (pt.),6,9,30,1630,447,2112
Montgomery (pt.),8,9,31,2515,483,3038
Montgomery (pt.),6,9,32,345,68,426
Montgomery (pt.),6,9,33,1715,356,2117
Montgomery (pt.),6,9,34,1802,414,2259
Montgomery (pt.),6,9,35,2795,751,3582
Montgomery (pt.),6,9,36,1335,395,1778
Montgomery (pt.),6,9,37,1104,333,1475
Montgomery (pt.),6,9,38,331,53,390
Montgomery (pt.),6,9,39,14,11,26
Montgomery (pt.),6,9,40,1757,408,2193
Montgomery (pt.),6,9,41,1381,303,1714
Montgomery (pt.),6,10,1,894,392,1312
Montgomery (pt.),8,10,2,1422,685,2129
Montgomery (pt.),6,10,3,1537,412,1985
Montgomery (pt.),6,10,4,1013,267,1289
Montgomery (pt.),6,10,5,1631,414,2071
Montgomery (pt.),6,10,6,1651,376,2054
Montgomery (pt.),8,10,7,1733,532,2288
Montgomery (pt.),6,10,9,1457,670,2160
Montgomery (pt.),8,10,10,1826,575,2431
Montgomery (pt.),6,10,11,1132,294,1444
Montgomery (pt.),6,10,12,1909,474,2410
Montgomery (pt.),6,10,13,1132,289,1436
Montgomery (pt.),6,11,0,883,580,1490
Montgomery (pt.),8,12,1,926,962,1912
Montgomery (pt.),8,12,2,1039,962,2046
Montgomery (pt.),8,12,3,1720,1317,3092
Montgomery (pt.),6,12,4,1233,744,2022
Montgomery (pt.),6,12,5,1520,860,2454
Montgomery (pt.),8,13,1,1674,373,2071
Montgomery (pt.),8,13,2,3873,729,4674
Montgomery (pt.),8,13,3,1704,281,2004
Montgomery (pt.),8,13,4,2902,130,3075
Montgomery (pt.),8,13,5,2991,212,3259
Montgomery (pt.),8,13,6,2023,60,2106
Montgomery (pt.),8,13,7,1999,156,2185
Montgomery (pt.),8,13,8,1792,152,1971
Montgomery (pt.),8,13,10,1530,90,1644
Montgomery (pt.),8,13,11,2190,336,2563
Montgomery (pt.),8,13,13,1997,152,2185
Montgomery (pt.),8,13,14,2243,202,2483
Montgomery (pt.),8,13,15,2874,415,3343
Montgomery (pt.),8,13,16,1573,129,1727
Montgomery (pt.),8,13,18,1690,145,1864
Montgomery (pt.),8,13,19,1645,223,1894
Montgomery (pt.),8,13,20,1141,563,1726
Montgomery (pt.),8,13,21,2623,173,2855
Montgomery (pt.),8,13,22,1979,174,2196
Montgomery (pt.),8,13,23,1851,350,2224
Montgomery (pt.),8,13,24,1622,232,1882
Montgomery (pt.),8,13,25,2000,433,2485
Montgomery (pt.),8,13,27,1887,322,2261
Montgomery (pt.),8,13,28,1056,206,1291
Montgomery (pt.),8,13,29,1899,356,2306
Montgomery (pt.),8,13,30,1604,365,2013
Montgomery (pt.),8,13,31,1251,185,1459
Montgomery (pt.),8,13,32,2470,291,2806
Montgomery (pt.),8,13,33,1132,420,1586
Montgomery (pt.),8,13,34,1539,303,1880
Montgomery (pt.),8,13,35,1470,382,1885
Montgomery (pt.),8,13,36,1398,380,1818
Montgomery (pt.),6,13,37,1036,362,1436
Montgomery (pt.),8,13,38,2891,835,3793
Montgomery (pt.),8,13,39,1757,165,1944
Montgomery (pt.),8,13,40,1564,335,1943
Montgomery (pt.),8,13,42,1021,151,1189
Montgomery (pt.),8,13,43,1214,382,1638
Montgomery (pt.),8,13,44,2100,426,2566
Montgomery (pt.),6,13,45,964,250,1248
Montgomery (pt.),6,13,46,1272,519,1818
Montgomery (pt.),8,13,47,3142,162,3364
Montgomery (pt.),8,13,49,1074,188,1283
Montgomery (pt.),8,13,50,1719,90,1827
Montgomery (pt.),6,13,51,1834,537,2412
Montgomery (pt.),6,13,52,1343,385,1749
Montgomery (pt.),8,13,53,1165,215,1409
Montgomery (pt.),8,13,54,1658,427,2098
Montgomery (pt.),8,13,55,1030,137,1186
Montgomery (pt.),8,13,56,2224,424,2691
Montgomery (pt.),8,13,57,563,158,733
Montgomery (pt.),8,13,58,2644,386,3080
Montgomery (pt.),8,13,59,1282,203,1507
Montgomery (pt.),3,13,60,24,17,42
Montgomery (pt.),8,13,61,3349,749,4175
Montgomery (pt.),8,13,63,687,141,842
Montgomery (pt.),8,13,64,1766,236,2040
Montgomery (pt.),8,13,65,1090,64,1183
Montgomery (pt.),8,13,67,1327,53,1396
Montgomery (pt.),8,13,68,1600,112,1741
Montgomery (pt.),8,13,69,1561,460,2027
Montgomery (pt.),8,13,70,117,40,159
Montgomery (pt.),8,13,71,1384,317,1712
Prince George's (pt.),4,1,1,2379,537,2962
Prince George's (pt.),5,1,2,809,197,1030
Prince George's (pt.),4,1,3,1796,246,2086
Prince George's (pt.),5,1,4,1309,383,1730
Prince George's (pt.),5,1,5,1314,407,1752
Prince George's (pt.),5,1,6,1077,149,1249
Prince George's (pt.),4,1,7,1049,153,1212
Prince George's (pt.),5,1,8,394,48,450
Prince George's (pt.),4,2,1,895,66,979
Prince George's (pt.),4,2,2,825,116,977
Prince George's (pt.),4,2,3,1601,159,1797
Prince George's (pt.),4,2,4,892,130,1049
Prince George's (pt.),4,2,5,819,105,937
Prince George's (pt.),5,2,6,1700,201,1944
Prince George's (pt.),4,2,7,1271,172,1463
Prince George's (pt.),4,2,8,2165,165,2388
Prince George's (pt.),4,2,9,1783,132,1957
Prince George's (pt.),4,2,10,1202,110,1340
Prince George's (pt.),4,2,96,,,
Prince George's (pt.),4,2,97,,,
Prince George's (pt.),4,2,98,,,
Prince George's (pt.),4,2,99,,,
Prince George's (pt.),5,3,1,761,152,927
Prince George's (pt.),5,3,2,2136,147,2314
Prince George's (pt.),4,3,3,4948,307,5293
Prince George's (pt.),4,3,4,1910,75,2015
Prince George's (pt.),4,3,5,1761,79,1865
Prince George's (pt.),4,3,6,2432,110,2569
Prince George's (pt.),4,3,7,393,13,409
Prince George's (pt.),5,3,8,156,74,236
Prince George's (pt.),5,4,1,872,502,1395
Prince George's (pt.),5,5,1,3544,340,3942
Prince George's (pt.),5,5,2,1435,133,1587
Prince George's (pt.),5,5,3,1824,145,1988
Prince George's (pt.),5,5,4,2425,146,2607
Prince George's (pt.),5,5,5,2463,230,2734
Prince George's (pt.),5,5,6,2239,190,2460
Prince George's (pt.),5,5,7,2326,259,2628
Prince George's (pt.),5,5,8,1201,316,1551
Prince George's (pt.),5,5,9,374,40,427
Prince George's (pt.),5,5,10,701,86,798
Prince George's (pt.),5,5,11,1463,109,1593
Prince George's (pt.),5,5,12,2336,181,2571
Prince George's (pt.),4,6,1,2104,91,2233
Prince George's (pt.),4,6,2,813,50,878
Prince George's (pt.),4,6,3,2454,81,2574
Prince George's (pt.),4,6,4,1809,63,1911
Prince George's (pt.),4,6,5,1233,59,1311
Prince George's (pt.),4,6,6,1788,65,1884
Prince George's (pt.),4,6,7,2404,91,2525
Prince George's (pt.),4,6,8,1251,51,1316
Prince George's (pt.),4,6,9,1266,41,1330
Prince George's (pt.),4,6,10,1788,70,1897
Prince George's (pt.),4,6,11,1544,63,1627
Prince George's (pt.),4,6,12,1148,34,1200
Prince George's (pt.),4,6,13,1695,141,1859
Prince George's (pt.),4,6,14,292,18,314
Prince George's (pt.),4,6,15,1858,40,1942
Prince George's (pt.),4,6,16,1792,60,1887
Prince George's (pt.),4,6,17,2117,52,2205
Prince George's (pt.),4,6,18,1301,91,1412
Prince George's (pt.),4,6,19,1421,44,1494
Prince George's (pt.),4,6,20,2173,74,2278
Prince George's (pt.),4,6,21,446,12,462
Prince George's (pt.),4,6,22,2479,71,2581
Prince George's (pt.),4,6,23,1118,61,1193
Prince George's (pt.),4,6,24,568,25,599
Prince George's (pt.),4,6,25,281,5,292
Prince George's (pt.),4,6,26,967,38,1022
Prince George's (pt.),4,6,27,781,90,885
Prince George's (pt.),4,6,28,567,54,626
Prince George's (pt.),4,6,29,561,20,583
Prince George's (pt.),4,6,97,,,
Prince George's (pt.),4,6,98,,,
Prince George's (pt.),4,6,99,,,
Prince George's (pt.),4,7,1,750,61,820
Prince George's (pt.),5,7,2,799,330,1154
Prince George's (pt.),5,7,3,1107,431,1577
Prince George's (pt.),5,7,4,1114,440,1588
Prince George's (pt.),5,7,5,1409,519,1973
Prince George's (pt.),5,7,6,1559,267,1852
Prince George's (pt.),5,7,7,2121,308,2463
Prince George's (pt.),5,7,8,1524,196,1755
Prince George's (pt.),5,7,9,3264,202,3493
Prince George's (pt.),5,7,10,2870,288,3197
Prince George's (pt.),4,7,11,3465,146,3643
Prince George's (pt.),4,7,12,2012,66,2099
Prince George's (pt.),4,7,13,1736,115,1880
Prince George's (pt.),5,7,14,1139,251,1413
Prince George's (pt.),4,7,15,1465,48,1526
Prince George's (pt.),5,7,16,969,242,1227
Prince George's (pt.),5,7,17,1107,90,1208
Prince George's (pt.),4,7,18,671,52,733
Prince George's (pt.),4,7,19,160,13,173
Prince George's (pt.),4,7,20,256,46,308
Prince George's (pt.),4,7,21,400,101,505
Prince George's (pt.),4,7,22,3485,289,3827
Prince George's (pt.),4,7,23,1632,50,1694
Prince George's (pt.),4,7,24,435,45,481
Prince George's (pt.),4,7,99,,,
Prince George's (pt.),5,8,1,687,421,1135
Prince George's (pt.),5,9,1,2666,168,2870
Prince George's (pt.),5,9,2,828,43,880
Prince George's (pt.),4,9,3,283,92,388
Prince George's (pt.),5,9,4,1535,107,1663
Prince George's (pt.),5,9,5,1937,115,2079
Prince George's (pt.),5,9,6,2433,148,2606
Prince George's (pt.),5,9,7,2608,147,2791
Prince George's (pt.),5,9,8,3768,169,3975
Prince George's (pt.),5,9,9,837,138,990
Prince George's (pt.),5,9,10,1600,129,1757
Prince George's (pt.),5,9,11,2714,226,2980
Prince George's (pt.),4,9,12,126,11,139
Prince George's (pt.),5,9,13,1627,98,1752
Prince George's (pt.),4,9,14,,,
Prince George's (pt.),5,9,15,5,,5
Prince George's (pt.),4,9,99,,,
Prince George's (pt.),4,10,1,943,124,1091
Prince George's (pt.),4,10,2,2339,442,2840
Prince George's (pt.),4,10,3,1088,244,1357
Prince George's (pt.),4,10,4,1801,206,2053
Prince George's (pt.),4,10,5,1949,749,2766
Prince George's (pt.),5,10,6,2810,368,3237
Prince George's (pt.),4,10,7,1194,172,1397
Prince George's (pt.),4,10,8,1011,180,1213
Prince George's (pt.),4,10,9,1462,209,1711
Prince George's (pt.),4,10,10,1151,183,1352
Prince George's (pt.),5,10,11,1360,159,1560
Prince George's (pt.),4,10,12,3337,496,3914
Prince George's (pt.),4,10,13,3328,510,3899
Prince George's (pt.),4,10,14,588,29,627
Prince George's (pt.),5,11,1,2050,292,2360
Prince George's (pt.),5,11,2,2152,213,2395
Prince George's (pt.),5,11,3,2585,150,2765
Prince George's (pt.),5,11,4,3823,411,4287
Prince George's (pt.),5,11,5,332,28,364
Prince George's (pt.),4,12,1,1003,143,1162
Prince George's (pt.),4,12,2,1043,70,1128
Prince George's (pt.),4,12,3,1379,54,1450
Prince George's (pt.),4,12,4,2196,97,2326
Prince George's (pt.),4,12,5,1746,159,1944
Prince George's (pt.),4,12,6,1821,54,1903
Prince George's (pt.),4,12,7,1394,72,1482
Prince George's (pt.),4,12,8,1411,91,1521
Prince George's (pt.),4,12,9,1575,52,1653
Prince George's (pt.),4,12,10,1582,181,1777
Prince George's (pt.),4,12,11,2398,159,2606
Prince George's (pt.),4,12,12,1856,85,1962
Prince George's (pt.),4,12,13,2129,70,2224
Prince George's (pt.),4,12,14,1555,177,1761
Prince George's (pt.),4,12,15,1830,91,1948
Prince George's (pt.),4,12,16,1397,48,1462
Prince George's (pt.),4,12,17,317,13,334
Prince George's (pt.),4,12,18,286,20,308
Prince George's (pt.),4,12,19,1224,155,1395
Prince George's (pt.),4,13,1,503,18,536
Prince George's (pt.),4,13,2,1380,61,1475
Prince George's (pt.),4,13,3,1064,62,1140
Prince George's (pt.),4,13,4,1025,45,1077
Prince George's (pt.),4,13,5,2577,121,2720
Prince George's (pt.),4,13,6,2023,90,2138
Prince George's (pt.),4,13,7,3438,114,3604
Prince George's (pt.),4,13,8,809,39,865
Prince George's (pt.),4,13,9,2291,100,2421
Prince George's (pt.),4,13,10,3406,136,3591
Prince George's (pt.),4,13,11,2169,74,2270
Prince George's (pt.),4,13,12,2425,97,2552
Prince George's (pt.),4,13,13,1539,66,1616
Prince George's (pt.),4,13,14,3213,148,3396
Prince George's (pt.),4,13,15,2626,179,2835
Prince George's (pt.),4,13,16,2048,60,2138
Prince George's (pt.),4,13,17,1203,53,1281
Prince George's (pt.),4,13,18,849,31,896
Prince George's (pt.),4,13,19,73,4,77
Prince George's (pt.),4,13,20,404,13,426
Prince George's (pt.),4,13,21,1185,54,1252
Prince George's (pt.),4,13,22,473,21,504
Prince George's (pt.),4,13,23,539,22,567
Prince George's (pt.),4,13,24,678,23,714
Prince George's (pt.),4,13,25,208,17,227
Prince George's (pt.),4,13,99,,,
Prince George's (pt.),5,14,1,1818,296,2141
Prince George's (pt.),5,14,2,2598,210,2849
Prince George's (pt.),5,14,3,1234,489,1741
Prince George's (pt.),5,14,4,1012,405,1446
Prince George's (pt.),5,14,5,907,361,1303
Prince George's (pt.),5,14,6,759,336,1128
Prince George's (pt.),5,14,7,1817,226,2069
Prince George's (pt.),5,14,8,1459,146,1626
Prince George's (pt.),5,14,9,2281,335,2655
Prince George's (pt.),5,14,10,1064,150,1225
Prince George's (pt.),5,14,11,607,141,754
Prince George's (pt.),5,14,12,1641,275,1947
Prince George's (pt.),5,14,13,875,122,1007
Prince George's (pt.),5,14,14,28,10,40
Prince George's (pt.),5,14,15,352,48,407
Prince George's (pt.),5,14,16,149,31,184
Prince George's (pt.),5,14,17,32,4,36
Prince George's (pt.),5,14,99,,,
Prince George's (pt.),5,15,1,2921,216,3181
Prince George's (pt.),4,15,2,2956,140,3145
Prince George's (pt.),5,15,3,1931,111,2064
Prince George's (pt.),5,15,4,2612,213,2852
Prince George's (pt.),4,15,5,5773,292,6115
Prince George's (pt.),5,15,6,2356,192,2568
Prince George's (pt.),4,16,1,344,60,415
Prince George's (pt.),4,16,2,495,90,602
Prince George's (pt.),5,16,3,2853,352,3264
Prince George's (pt.),4,16,4,1607,206,1859
Prince George's (pt.),4,16,5,67,16,87
Prince George's (pt.),4,16,98,,,
Prince George's (pt.),4,16,99,,,
Prince George's (pt.),4,17,1,2293,192,2520
Prince George's (pt.),4,17,2,1110,128,1263
Prince George's (pt.),4,17,3,1026,125,1174
Prince George's (pt.),4,17,4,1359,92,1478
Prince George's (pt.),4,17,5,696,57,769
Prince George's (pt.),4,17,6,698,67,782
Prince George's (pt.),4,17,7,1937,148,2122
Prince George's (pt.),4,17,8,855,57,926
Prince George's (pt.),4,17,9,845,144,1001
Prince George's (pt.),4,17,10,1862,196,2095
Prince George's (pt.),4,17,11,1591,160,1793
Prince George's (pt.),4,17,12,1380,136,1539
Prince George's (pt.),4,17,13,177,18,197
Prince George's (pt.),4,17,14,1348,134,1506
Prince George's (pt.),4,17,15,169,17,190
Prince George's (pt.),4,18,1,1814,45,1886
Prince George's (pt.),4,18,2,884,33,941
Prince George's (pt.),4,18,3,859,24,907
Prince George's (pt.),4,18,4,1092,50,1161
Prince George's (pt.),4,18,5,690,28,738
Prince George's (pt.),4,18,6,2292,75,2397
Prince George's (pt.),4,18,7,1561,62,1642
Prince George's (pt.),4,18,8,1036,39,1100
Prince George's (pt.),4,18,9,1484,59,1570
Prince George's (pt.),4,18,10,721,22,755
Prince George's (pt.),4,18,11,1031,56,1103
Prince George's (pt.),4,18,12,98,5,105
Prince George's (pt.),4,18,13,509,22,538
Prince George's (pt.),4,18,14,110,6,119
Prince George's (pt.),4,18,15,41,1,43
Prince George's (pt.),4,18,16,7,,8
Prince George's (pt.),4,18,99,,,
Prince George's (pt.),5,19,1,1532,229,1808
Prince George's (pt.),5,19,2,1246,217,1501
Prince George's (pt.),5,19,3,1433,173,1630
Prince George's (pt.),4,19,4,697,89,800
Prince George's (pt.),4,19,5,3,,3
Prince George's (pt.),5,19,98,,,
Prince George's (pt.),5,19,99,,,
Prince George's (pt.),5,20,1,1766,233,2036
Prince George's (pt.),4,20,2,631,74,723
Prince George's (pt.),4,20,3,1434,75,1521
Prince George's (pt.),4,20,4,972,96,1093
Prince George's (pt.),5,20,5,1199,160,1385
Prince George's (pt.),5,20,6,1179,126,1327
Prince George's (pt.),4,20,7,794,37,845
Prince George's (pt.),4,20,8,716,29,758
Prince George's (pt.),4,20,9,1054,102,1175
Prince George's (pt.),5,20,10,517,74,601
Prince George's (pt.),4,20,11,1447,89,1558
Prince George's (pt.),4,20,12,892,41,943
Prince George's (pt.),4,20,13,355,18,378
Prince George's (pt.),4,20,14,135,17,155
Prince George's (pt.),4,20,15,99,8,107
Prince George's (pt.),4,20,16,316,16,335
Prince George's (pt.),4,20,17,,,
Prince George's (pt.),4,20,18,914,43,980
Prince George's (pt.),4,20,19,1156,114,1293
Prince George's (pt.),4,20,20,204,12,216
Prince George's (pt.),5,20,21,642,140,790
Prince George's (pt.),4,20,97,,,
Prince George's (pt.),4,20,98,,,
Prince George's (pt.),4,20,99,,,
Prince George's (pt.),5,21,1,1667,294,2007
Prince George's (pt.),5,21,2,934,168,1129
Prince George's (pt.),5,21,3,2187,230,2465
Prince George's (pt.),5,21,4,1178,214,1430
Prince George's (pt.),4,21,5,1010,179,1208
Prince George's (pt.),5,21,6,1608,266,1915
Prince George's (pt.),5,21,7,1143,286,1473
Prince George's (pt.),5,21,8,1958,149,2155
Prince George's (pt.),5,21,9,570,93,673
Prince George's (pt.),5,21,10,1105,280,1426
Prince George's (pt.),5,21,11,1595,175,1796
Prince George's (pt.),5,21,12,390,80,477
Prince George's (pt.),5,21,13,1949,158,2143
Prince George's (pt.),4,21,14,713,154,889
Prince George's (pt.),5,21,15,722,170,920
Prince George's (pt.),5,21,16,1062,133,1215
Prince George's (pt.),5,21,17,285,34,329
Prince George's (pt.),5,21,18,1963,160,2155
Prince George's (pt.),5,21,19,18,7,25
Prince George's (pt.),5,21,91,,,
Prince George's (pt.),5,21,92,,,
Prince George's (pt.),5,21,93,,,
Prince George's (pt.),5,21,94,,,
Prince George's (pt.),5,21,95,,,
Prince George's (pt.),5,21,96,,,
Prince George's (pt.),5,21,97,,,
Prince George's (pt.),5,21,98,,,
Prince George's (pt.),5,21,99,,,
Queen Anne's,1,1,1,294,1016,1341
Queen Anne's,1,2,1,932,1595,2581
Queen Anne's,1,3,2,2012,3367,5492
Queen Anne's,1,4,1,838,1417,2322
Queen Anne's,1,4,2,1754,2698,4544
Queen Anne's,1,4,3,1243,2163,3478
Queen Anne's,1,4,6,682,1318,2030
Queen Anne's,1,5,1,558,939,1527
Queen Anne's,1,5,2,1533,2305,3910
Queen Anne's,1,6,1,327,1053,1414
Queen Anne's,1,7,1,536,870,1440
St. Mary's,5,1,1,938,999,1996
St. Mary's,5,1,2,473,742,1248
St. Mary's,5,2,1,665,962,1676
St. Mary's,5,2,2,487,640,1158
St. Mary's,5,2,3,238,421,673
St. Mary's,5,2,4,223,291,545
St. Mary's,5,3,1,886,992,1922
St. Mary's,5,3,2,689,957,1678
St. Mary's,5,3,3,612,1011,1663
St. Mary's,5,3,4,654,863,1547
St. Mary's,5,3,5,566,987,1589
St. Mary's,5,3,6,672,603,1314
St. Mary's,5,4,1,623,1550,2214
St. Mary's,5,4,2,372,939,1330
St. Mary's,5,4,3,611,1237,1884
St. Mary's,5,5,1,696,1558,2295
St. Mary's,5,5,2,627,1355,2022
St. Mary's,5,5,3,461,1444,1950
St. Mary's,5,6,1,380,768,1176
St. Mary's,5,6,2,468,1163,1666
St. Mary's,5,6,3,839,1623,2532
St. Mary's,5,6,4,483,999,1505
St. Mary's,5,7,1,565,1188,1773
St. Mary's,5,8,1,1148,682,1878
St. Mary's,5,8,2,573,723,1336
St. Mary's,5,8,3,1193,900,2166
St. Mary's,5,8,4,1349,927,2342
St. Mary's,5,8,5,908,976,1947
St. Mary's,5,8,6,538,582,1155
St. Mary's,5,8,7,1090,623,1769
St. Mary's,5,8,8,341,281,642
St. Mary's,5,8,9,1466,671,2193
St. Mary's,5,8,10,395,245,660
St. Mary's,5,8,11,728,611,1392
St. Mary's,5,8,12,108,240,355
St. Mary's,5,9,1,73,73,148
Somerset,1,1,1,530,312,858
Somerset,1,1,2,634,503,1156
Somerset,1,1,3,219,73,294
Somerset,1,2,1,69,198,272
Somerset,1,3,1,245,547,805
Somerset,1,4,1,201,436,643
Somerset,1,5,1,151,365,524
Somerset,1,6,1,119,176,299
Somerset,1,7,1,508,637,1157
Somerset,1,8,1,236,746,995
Somerset,1,8,2,68,260,329
Somerset,1,9,1,66,132,199
Somerset,1,10,1,29,60,90
Somerset,1,10,2,1,31,32
Somerset,1,11,1,21,71,93
Somerset,1,12,1,110,307,426
Somerset,1,13,1,25,95,120
Somerset,1,13,2,89,148,239
Somerset,1,13,3,58,83,146
Somerset,1,14,1,53,173,230
Somerset,1,15,1,300,215,525
Somerset,1,15,2,459,136,598
Somerset,1,15,3,50,35,87
Talbot,1,1,1,2188,1589,3827
Talbot,1,1,2,2328,1748,4149
Talbot,1,1,3,1214,911,2179
Talbot,1,1,5,1014,1414,2471
Talbot,1,2,1,1095,765,1884
Talbot,1,2,2,221,254,483
Talbot,1,2,3,429,510,962
Talbot,1,3,1,723,1024,1782
Talbot,1,3,3,470,352,835
Talbot,1,4,1,785,1738,2570
Talbot,1,5,1,341,280,630
Talbot,1,5,2,254,361,628
Washington,6,1,0,617,1196,1850
Washington,6,2,0,641,1392,2072
Washington,6,3,1,244,147,399
Washington,6,3,2,389,278,688
Washington,6,3,3,414,494,933
Washington,6,3,4,419,236,674
Washington,6,3,5,,3,3
Washington,6,4,0,298,1366,1687
Washington,6,5,0,252,1359,1639
Washington,6,6,1,470,1072,1575
Washington,6,6,2,703,1124,1862
Washington,6,7,1,483,1200,1705
Washington,6,7,2,464,897,1384
Washington,6,8,0,449,950,1428
Washington,6,9,0,573,960,1556
Washington,6,10,1,789,1106,1926
Washington,6,10,2,1150,1266,2468
Washington,6,10,3,438,591,1055
Washington,6,10,4,250,381,639
Washington,6,10,5,8,7,15
Washington,6,11,1,256,386,653
Washington,6,11,2,101,221,330
Washington,6,12,0,373,999,1396
Washington,6,13,1,461,1412,1913
Washington,6,13,2,482,683,1184
Washington,6,14,1,169,416,599
Washington,6,14,2,155,358,521
Washington,6,15,0,169,854,1033
Washington,6,16,0,783,1315,2121
Washington,6,17,1,1259,1071,2391
Washington,6,18,1,459,1047,1529
Washington,6,18,2,581,1063,1662
Washington,6,18,3,1103,903,2047
Washington,6,18,4,235,111,352
Washington,6,19,0,529,890,1445
Washington,6,20,0,277,868,1160
Washington,6,21,1,920,741,1700
Washington,6,21,2,740,621,1392
Washington,6,21,3,497,356,872
Washington,6,22,1,573,329,927
Washington,6,22,2,681,538,1244
Washington,6,23,0,503,2005,2548
Washington,6,24,1,118,256,378
Washington,6,25,1,324,83,416
Washington,6,25,2,764,656,1442
Washington,6,25,3,20,29,52
Washington,6,25,4,783,610,1421
Washington,6,26,1,475,936,1434
Washington,6,26,2,539,803,1370
Washington,6,26,3,278,468,764
Washington,6,26,4,534,1086,1652
Washington,6,27,1,954,981,1963
Washington,6,27,2,898,1104,2041
Wicomico,1,1,1,223,191,424
Wicomico,1,1,2,240,498,750
Wicomico,1,1,3,116,481,614
Wicomico,1,2,1,526,857,1407
Wicomico,1,4,1,53,162,223
Wicomico,1,4,2,88,315,413
Wicomico,1,4,3,288,854,1164
Wicomico,1,5,1,1066,289,1396
Wicomico,1,5,2,231,207,450
Wicomico,1,5,3,599,548,1171
Wicomico,1,5,4,967,1003,2008
Wicomico,1,5,5,1156,1322,2537
Wicomico,1,5,6,567,610,1209
Wicomico,1,5,7,298,687,1009
Wicomico,1,5,8,271,577,872
Wicomico,1,5,9,71,165,241
Wicomico,1,6,1,92,384,480
Wicomico,1,7,1,371,665,1048
Wicomico,1,8,1,301,632,947
Wicomico,1,8,2,759,1165,1964
Wicomico,1,8,3,145,164,312
Wicomico,1,8,4,477,509,1007
Wicomico,1,8,5,431,381,826
Wicomico,1,9,1,1105,205,1328
Wicomico,1,9,2,816,40,871
Wicomico,1,9,3,662,165,853
Wicomico,1,9,4,66,38,106
Wicomico,1,9,5,193,164,366
Wicomico,1,9,6,1234,1547,2827
Wicomico,1,9,7,457,272,745
Wicomico,1,9,8,463,398,872
Wicomico,1,10,1,152,56,216
Wicomico,1,10,2,16,35,52
Wicomico,1,10,3,86,305,405
Wicomico,1,11,1,138,29,171
Wicomico,1,11,2,88,126,216
Wicomico,1,11,3,98,141,242
Wicomico,1,11,4,768,888,1703
Wicomico,1,13,1,340,108,459
Wicomico,1,13,2,1005,417,1455
Wicomico,1,13,3,1213,812,2069
Wicomico,1,13,4,598,282,916
Wicomico,1,14,1,46,180,229
Wicomico,1,14,2,200,606,823
Wicomico,1,15,1,389,648,1054
Wicomico,1,15,2,60,124,190
Wicomico,1,15,3,193,430,633
Wicomico,1,16,1,150,192,351
Wicomico,1,16,2,100,191,297
Wicomico,1,16,3,562,537,1134
Wicomico,1,16,4,278,226,511
Wicomico,1,16,5,670,423,1118
Wicomico,1,16,6,177,197,384
Wicomico,1,17,1,395,496,907
Worcester,1,1,1,1374,1682,3113
Worcester,1,1,2,207,437,650
Worcester,1,2,1,211,150,365
Worcester,1,2,2,619,264,893
Worcester,1,2,3,124,277,409
Worcester,1,2,4,274,153,434
Worcester,1,2,5,858,475,1350
Worcester,1,3,1,798,1787,2624
Worcester,1,3,2,521,954,1495
Worcester,1,3,3,416,415,842
Worcester,1,4,1,647,1316,1989
Worcester,1,4,2,231,441,682
Worcester,1,4,3,75,216,296
Worcester,1,4,4,375,704,1094
Worcester,1,5,1,1222,1548,2799
Worcester,1,5,2,1071,1483,2598
Worcester,1,6,1,1066,1621,2710
Worcester,1,6,2,275,723,1021
Worcester,1,6,3,478,1080,1576
Worcester,1,7,1,1718,2845,4627